ACCNTX2424,Accounting,2424
BUSANX2424,Business Analytics,2424
BISYSX2424,Business Information Systems,2424
INNOVX2424,Entrepreneurship and Innovation,2424
FINANX2424,Finance,2424
HMRESX2424,Human Resources,2424
INTERX2424,International Business,2424
MARKEX2424,Marketing,2424
ECONOX2402,Economics,2402
FINANX2402,Finance,2402
ANCIEX2414,Ancient History,2414
ANCIEY2414,Ancient History,2414
ARTHIX2414,Art History,2414
ARTHIY2414,Art History,2414
DRAMAX2414,Drama,2414
DRAMAY2414,Drama,2414
ENLITX2414,English Literature,2414
ENLITY2414,English Literature,2414
HISTOX2414,History,2414
HISTOY2414,History,2414
MATHEX2414,Mathematics,2414
MATHEY2414,Mathematics,2414
MUSICX2414,Musicology,2414
MUSICY2414,Musicology,2414
PHILOX2414,Philosophy,2414
PHILOY2414,Philosophy,2414
RELIGX2414,Studies in Religion,2414
RELIGY2414,Studies in Religion,2414
BIOLOX2341,Biology,2341
BIOMSX2341,Biomedical Science,2341
CHEMIX2341,Chemistry,2341
GEOGSX2341,Geographical Sciences,2341
GEOLSX2341,Geological Sciences,2341
MATHEX2341,Mathematics,2341
PHYSCX2341,Physics,2341
ANIMAX2352,Animal Science,2352
PLANTX2352,Plant Science,2352
ABORIX2000,Aboriginal and Torres Strait Islander Studies,2000
ANCIEY2000,Ancient History,2000
ANCIEX2000,Ancient History,2000
ANCHHX2000,Ancient History/History,2000
ANTHRX2000,Anthropology,2000
ANTHRY2000,Anthropology,2000
ARCHAX2000,Archaeology,2000
ARCHAY2000,Archaeology,2000
ARTHIX2000,Art History,2000
ARTHIY2000,Art History,2000
CHINAX2000,Chinese,2000
CHINAY2000,Chinese,2000
CHITIX2000,Chinese Translation and Interpreting,2000
CHITIY2000,Chinese Translation and Interpreting,2000
CLLATX2000,Classical Languages,2000
CLLATY2000,Classical Languages,2000
CRIMIX2000,Criminology,2000
CRIMIY2000,Criminology,2000
DRAMAX2000,Drama,2000
DRAMAY2000,Drama,2000
ECONOX2000,Economics,2000
ECONOY2000,Economics,2000
ENGLIX2000,English,2000
ENGLIY2000,English,2000
ENLITX2000,English Literature,2000
ENLITY2000,English Literature,2000
FILMTX2000,Film and Television Studies,2000
FRENAX2000,French,2000
FRENAY2000,French,2000
GENDRZ2000,Gender Studies,2000
GEOPHX2000,Geography,2000
GEOPHY2000,Geography,2000
GERMAX2000,German,2000
GERMAY2000,German,2000
HISTOX2000,History,2000
HISTOY2000,History,2000
INDOAX2000,Indonesian,2000
INDOAY2000,Indonesian,2000
INTERX2000,International Relations,2000
INTERY2000,International Relations,2000
ITALIX2000,Italian,2000
JAPNAX2000,Japanese,2000
JAPNAY2000,Japanese,2000
JOURMX2000,Journalism and Mass Communication,2000
KORNAX2000,Korean,2000
KORNAY2000,Korean,2000
LATINZ2000,Latin American Studies,2000
LINGUX2000,Linguistics,2000
LINGUY2000,Linguistics,2000
MATHEX2000,Mathematics,2000
MATHEY2000,Mathematics,2000
MDIGCX2000,Media and Digital Cultures,2000
MUSICY2000,Music,2000
MUSICX2000,Music,2000
MUPSYZ2000,Music Psychology,2000
PEACEX2000,Peace and Conflict Studies,2000
PEACEY2000,Peace and Conflict Studies,2000
PHILOX2000,Philosophy,2000
PHILOY2000,Philosophy,2000
POLISX2000,Political Science,2000
POLISY2000,Political Science,2000
POPMTX2000,Popular Music and Technology,2000
PROWRX2000,Professional Writing and Communication,2000
PSYCHX2000,Psychology,2000
PSYCHY2000,Psychology,2000
PUBPLX2000,Public Policy,2000
RUSSIX2000,Russian,2000
SOCIOX2000,Sociology,2000
SOCIOY2000,Sociology,2000
SPANAX2000,Spanish,2000
SPANAY2000,Spanish,2000
SPORTX2000,Sports Studies,2000
SPORTY2000,Sports Studies,2000
STUACZ2000,Studies in Australian Culture,2000
RELIGY2000,Studies in Religion,2000
RELIGX2000,Studies in Religion,2000
WRITIX2000,Writing,2000
WRITIY2000,Writing,2000
ANCIEX2052,Ancient History,2052
ANTHRX2052,Anthropology,2052
ARCHAX2052,Archaeology,2052
ARTHIX2052,Art History,2052
CHNESX2052,Chinese,2052
CCLATX2052,Classical Languages,2052
COMMUX2052,Communication and Cultural Studies,2052
CRIMIX2052,Criminology,2052
DRAMAX2052,Drama,2052
ECONMX2052,Economics,2052
ENLITX2052,English Literature,2052
FRNCHX2052,French,2052
GEOPHX2052,Geography,2052
GERMNX2052,German,2052
HISTOX2052,History,2052
INDNEX2052,Indonesian,2052
INTERX2052,International Relations,2052
JAPNEX2052,Japanese,2052
JOURMX2052,Journalism and Mass Communication,2052
KOREAX2052,Korean,2052
LINGUX2052,Linguistics,2052
MATHEX2052,Mathematics,2052
MUSICX2052,Music,2052
PEACEX2052,Peace and Conflict Studies,2052
PHILOX2052,Philosophy,2052
POLISX2052,Political Science,2052
PSYCHX2052,Psychology,2052
PUBPLX2052,Public Policy,2052
RUSSNX2052,Russian,2052
SOCIOX2052,Sociology,2052
SPANSX2052,Spanish,2052
SPORTX2052,Sports Studies,2052
RELIGX2052,Studies in Religion,2052
ABORIX2320,Aboriginal and Torres Strait Islander Studies,2320
ANCIEX2320,Ancient History,2320
ANCHHX2320,Ancient History/History,2320
ANTHRX2320,Anthropology,2320
ARCHAX2320,Archaeology,2320
ARTHIX2320,Art History,2320
CHINAX2320,Chinese,2320
CHITIX2320,Chinese Translation and Interpreting,2320
CLLATX2320,Classical Languages,2320
CRIMIX2320,Criminology,2320
DRAMAX2320,Drama,2320
ECONOX2320,Economics,2320
ENGLIX2320,English,2320
ENLITX2320,English Literature,2320
FILMTX2320,Film and Television Studies,2320
FRENAX2320,French,2320
GENDRZ2320,Gender Studies,2320
GEOPHX2320,Geography,2320
GERMAX2320,German,2320
HISTOX2320,History,2320
INDOAX2320,Indonesian,2320
INTERX2320,International Relations,2320
JAPNAX2320,Japanese,2320
JOURMX2320,Journalism and Mass Communication,2320
KOREAX2320,Korean,2320
LATINZ2320,Latin American Studies,2320
LINGUX2320,Linguistics,2320
MATHEX2320,Mathematics,2320
MDIGCX2320,Media and Digital Cultures,2320
MUSICX2320,Music,2320
MUPSYZ2320,Music Psychology,2320
PEACEX2320,Peace and Conflict Studies,2320
PHILOX2320,Philosophy,2320
POLISX2320,Political Science,2320
POPMTX2320,Popular Music and Technology,2320
PROWRX2320,Professional Writing and Communication,2320
PSYCHX2320,Psychology,2320
PUBPLX2320,Public Policy,2320
RUSSIX2320,Russian,2320
SOCIOX2320,Sociology,2320
SPANAX2320,Spanish,2320
SPORTX2320,Sports Studies,2320
STUACZ2320,Studies in Australian Culture,2320
RELIGX2320,Studies in Religion,2320
WRITIX2320,Writing,2320
AGRONX2390,Agronomy,2390
HORTIX2390,Horticulture,2390
LVPLTX2390,Livestock and Poultry Science,2390
ANCHHX2066,Ancient History/History,2066
CHINAX2066,Chinese,2066
CHITIX2066,Chinese Translation and Interpreting,2066
CRIMIX2066,Criminology,2066
DRAMAX2066,Drama,2066
ECONOX2066,Economics,2066
ENGLIX2066,English,2066
FILMTX2066,Film and Television Studies,2066
FRENAX2066,French,2066
GEOPHX2066,Geography,2066
GERMAX2066,German,2066
JAPNAX2066,Japanese,2066
MATHEX2066,Mathematics,2066
MDIGCX2066,Media and Digital Cultures,2066
MUSICX2066,Music,2066
MUSICY2066,Music,2066
SPANAX2066,Spanish,2066
ABORIX2206,Aboriginal and Torres Strait Islander Studies,2206
ANCIEY2206,Ancient History,2206
ANCIEX2206,Ancient History,2206
ANCHHX2206,Ancient History/History,2206
ANTHRX2206,Anthropology,2206
ANTHRY2206,Anthropology,2206
ARCHAX2206,Archaeology,2206
ARCHAY2206,Archaeology,2206
ARTHIX2206,Art History,2206
ARTHIY2206,Art History,2206
CHINAX2206,Chinese,2206
CHINAY2206,Chinese,2206
CHITIX2206,Chinese Translation and Interpreting,2206
CHITIY2206,Chinese Translation and Interpreting,2206
CLLATX2206,Classical Languages,2206
CLLATY2206,Classical Languages,2206
CRIMIX2206,Criminology,2206
CRIMIY2206,Criminology,2206
DRAMAX2206,Drama,2206
DRAMAY2206,Drama,2206
ECONOX2206,Economics,2206
ECONOY2206,Economics,2206
ENGLIX2206,English,2206
ENGLIY2206,English,2206
ENLITX2206,English Literature,2206
ENLITY2206,English Literature,2206
EVENTX2206,Event Management,2206
FILMTX2206,Film and Television Studies,2206
FRENAX2206,French,2206
FRENAY2206,French,2206
GENDRZ2206,Gender Studies,2206
GEOPHX2206,Geography,2206
GEOPHY2206,Geography,2206
GERMAX2206,German,2206
GERMAY2206,German,2206
HISTOX2206,History,2206
HISTOY2206,History,2206
HOTELX2206,Hospitality Management,2206
INDOAX2206,Indonesian,2206
INDOAY2206,Indonesian,2206
INTERX2206,International Relations,2206
INTERY2206,International Relations,2206
ITALIX2206,Italian,2206
JAPNAX2206,Japanese,2206
JAPNAY2206,Japanese,2206
JOURMX2206,Journalism and Mass Communication,2206
KORNAX2206,Korean,2206
KORNAY2206,Korean,2206
LATINZ2206,Latin American Studies,2206
LINGUX2206,Linguistics,2206
LINGUY2206,Linguistics,2206
MATHEX2206,Mathematics,2206
MATHEY2206,Mathematics,2206
MDIGCX2206,Media and Digital Cultures,2206
MUSICY2206,Music,2206
MUSICX2206,Music,2206
MUPSYZ2206,Music Psychology,2206
PEACEX2206,Peace and Conflict Studies,2206
PEACEY2206,Peace and Conflict Studies,2206
PHILOX2206,Philosophy,2206
PHILOY2206,Philosophy,2206
POLISX2206,Political Science,2206
POLISY2206,Political Science,2206
POPMTX2206,Popular Music and Technology,2206
PROWRX2206,Professional Writing and Communication,2206
PSYCHX2206,Psychology,2206
PSYCHY2206,Psychology,2206
PUBPLX2206,Public Policy,2206
RUSSIX2206,Russian,2206
SOCIOX2206,Sociology,2206
SOCIOY2206,Sociology,2206
SPANAY2206,Spanish,2206
SPANAX2206,Spanish,2206
SPORTX2206,Sports Studies,2206
SPORTY2206,Sports Studies,2206
STUACZ2206,Studies in Australian Culture,2206
RELIGY2206,Studies in Religion,2206
RELIGX2206,Studies in Religion,2206
TOURIX2206,Tourism Management,2206
WRITIX2206,Writing,2206
WRITIY2206,Writing,2206
ABORIX2361,Aboriginal and Torres Strait Islander Studies,2361
ANCIEY2361,Ancient History,2361
ANCIEX2361,Ancient History,2361
ANCHHX2361,Ancient History/History,2361
ANTHRX2361,Anthropology,2361
ANTHRY2361,Anthropology,2361
ARCHAX2361,Archaeology,2361
ARCHAY2361,Archaeology,2361
ARTHIX2361,Art History,2361
ARTHIY2361,Art History,2361
CHINAX2361,Chinese,2361
CHINAY2361,Chinese,2361
CHITIX2361,Chinese Translation and Interpreting,2361
CHITIY2361,Chinese Translation and Interpreting,2361
CLLATX2361,Classical Languages,2361
CLLATY2361,Classical Languages,2361
CRIMIX2361,Criminology,2361
CRIMIY2361,Criminology,2361
DRAMAX2361,Drama,2361
DRAMAY2361,Drama,2361
ECONOX2361,Economics,2361
ECONOY2361,Economics,2361
ENGLIX2361,English,2361
ENGLIY2361,English,2361
ENLITX2361,English Literature,2361
ENLITY2361,English Literature,2361
FILMTX2361,Film and Television Studies,2361
FRENAX2361,French,2361
FRENAY2361,French,2361
GENDRZ2361,Gender Studies,2361
GEOPHX2361,Geography,2361
GEOPHY2361,Geography,2361
GERMAX2361,German,2361
GERMAY2361,German,2361
HISTOX2361,History,2361
HISTOY2361,History,2361
INDOAX2361,Indonesian,2361
INDOAY2361,Indonesian,2361
INTERX2361,International Relations,2361
INTERY2361,International Relations,2361
ITALIX2361,Italian,2361
JAPNAX2361,Japanese,2361
JAPNAY2361,Japanese,2361
JOURMX2361,Journalism and Mass Communication,2361
KORNAX2361,Korean,2361
KORNAY2361,Korean,2361
LATINZ2361,Latin American Studies,2361
LINGUX2361,Linguistics,2361
LINGUY2361,Linguistics,2361
MATHEX2361,Mathematics,2361
MATHEY2361,Mathematics,2361
MDIGCX2361,Media and Digital Cultures,2361
MUSICY2361,Music,2361
MUSICX2361,Music,2361
MUPSYZ2361,Music Psychology,2361
PEACEX2361,Peace and Conflict Studies,2361
PEACEY2361,Peace and Conflict Studies,2361
PHILOX2361,Philosophy,2361
PHILOY2361,Philosophy,2361
POLISX2361,Political Science,2361
POLISY2361,Political Science,2361
POPMTX2361,Popular Music and Technology,2361
PROWRX2361,Professional Writing and Communication,2361
PSYCHX2361,Psychology,2361
PSYCHY2361,Psychology,2361
PUBPLX2361,Public Policy,2361
RUSSIX2361,Russian,2361
SOCIOX2361,Sociology,2361
SOCIOY2361,Sociology,2361
SPANAX2361,Spanish,2361
SPANAY2361,Spanish,2361
SPORTX2361,Sports Studies,2361
SPORTY2361,Sports Studies,2361
STUACZ2361,Studies in Australian Culture,2361
RELIGY2361,Studies in Religion,2361
RELIGX2361,Studies in Religion,2361
WRITIX2361,Writing,2361
WRITIY2361,Writing,2361
ABORIX2067,Aboriginal and Torres Strait Islander Studies,2067
ANCIEY2067,Ancient History,2067
ANCIEX2067,Ancient History,2067
ANCHHX2067,Ancient History/History,2067
ANTHRX2067,Anthropology,2067
ANTHRY2067,Anthropology,2067
ARCHAX2067,Archaeology,2067
ARCHAY2067,Archaeology,2067
ARTHIX2067,Art History,2067
ARTHIY2067,Art History,2067
CHINAX2067,Chinese,2067
CHINAY2067,Chinese,2067
CHITIX2067,Chinese Translation and Interpreting,2067
CHITIY2067,Chinese Translation and Interpreting,2067
CLLATX2067,Classical Languages,2067
CLLATY2067,Classical Languages,2067
CRIMIX2067,Criminology,2067
CRIMIY2067,Criminology,2067
DEVELX2067,Development,2067
DRAMAX2067,Drama,2067
DRAMAY2067,Drama,2067
ECONOX2067,Economics,2067
ECONOY2067,Economics,2067
ENGLIX2067,English,2067
ENGLIY2067,English,2067
ENLITX2067,English Literature,2067
ENLITY2067,English Literature,2067
ENVSOX2067,Environment and Society,2067
FILMTX2067,Film and Television Studies,2067
FRENAX2067,French,2067
FRENAY2067,French,2067
GENDRZ2067,Gender Studies,2067
GEOPHX2067,Geography,2067
GEOPHY2067,Geography,2067
GERMAX2067,German,2067
GERMAY2067,German,2067
HLTSOX2067,Health and Society,2067
HISTOY2067,History,2067
HISTOX2067,History,2067
INDOAX2067,Indonesian,2067
INDOAY2067,Indonesian,2067
INTERX2067,International Relations,2067
INTERY2067,International Relations,2067
ITALIX2067,Italian,2067
JAPNAX2067,Japanese,2067
JAPNAY2067,Japanese,2067
JOURMX2067,Journalism and Mass Communication,2067
KORNAX2067,Korean,2067
KORNAY2067,Korean,2067
LATINZ2067,Latin American Studies,2067
LINGUX2067,Linguistics,2067
LINGUY2067,Linguistics,2067
MATHEX2067,Mathematics,2067
MATHEY2067,Mathematics,2067
MDIGCX2067,Media and Digital Cultures,2067
MUSICY2067,Music,2067
MUSICX2067,Music,2067
MUPSYZ2067,Music Psychology,2067
PEACEX2067,Peace and Conflict Studies,2067
PEACEY2067,Peace and Conflict Studies,2067
PHILOX2067,Philosophy,2067
PHILOY2067,Philosophy,2067
POLISX2067,Political Science,2067
POLISY2067,Political Science,2067
POPMTX2067,Popular Music and Technology,2067
PROWRX2067,Professional Writing and Communication,2067
PSYCHX2067,Psychology,2067
PSYCHY2067,Psychology,2067
PUBPLX2067,Public Policy,2067
RUSSIX2067,Russian,2067
SOCPPX2067,Social and Public Policy,2067
SPANAY2067,Spanish,2067
SPANAX2067,Spanish,2067
SPORTX2067,Sports Studies,2067
SPORTY2067,Sports Studies,2067
STUACZ2067,Studies in Australian Culture,2067
RELIGX2067,Studies in Religion,2067
RELIGY2067,Studies in Religion,2067
WRITIX2067,Writing,2067
WRITIY2067,Writing,2067
BIOINX2375,Bioinformatics,2375
BIOINY2375,Bioinformatics and Innovation Management,2375
PROBIX2375,Bioprocess Technology,2375
PROBIY2375,Bioprocess Technology and Innovation Management,2375
CHEBIX2375,Chemical Biotechnology,2375
CHEBIY2375,Chemical Biotechnology and Innovation Management,2375
DRUGDY2375,Drug Design & Development & Innovation Management,2375
DRUGDX2375,Drug Design and Development,2375
MICBIX2375,Microbial Biotechnology,2375
MICBIY2375,Microbial Biotechnology and Innovation Management,2375
MOLBIX2375,Molecular Biotechnology,2375
MOLBIY2375,Molecular Biotechnology and Innovation Management,2375
NANOTX2375,Nanotechnology,2375
NANOTY2375,Nanotechnology and Innovation Management,2375
PLABIX2375,Plant Biotechnology,2375
PLABIY2375,Plant Biotechnology and Innovation Management,2375
ADVERX2059,Advertising,2059
BUSECX2059,Business Economics,2059
BISYSX2059,Business Information Systems,2059
HMRESX2059,Human Resources,2059
INTERX2059,International Business,2059
MARKEX2059,Marketing,2059
REALEX2059,Real Estate and Development,2059
MANAGX2129,Management,2129
REALEX2129,Real Estate and Development,2129
ARCHSX2416,Archaeological Science,2416
ARCHSY2416,Archaeological Science,2416
BIMOLX2416,Biochemistry and Molecular Biology,2416
BIOINX2416,Bioinformatics,2416
BIOMSX2416,Biomedical Science,2416
BIOMSY2416,Biomedical Science,2416
BIPHYW2416,Biophysics,2416
CHMSCW2416,Chemical Sciences,2416
CHMSTX2416,Chemistry,2416
COBMOW2416,Computational Sc and Biochem & Molecular Biol,2416
COBIOW2416,Computational Science and Biomedical Science,2416
COCHEW2416,Computational Science and Chemistry,2416
COCOMW2416,Computational Science and Computer Science,2416
COECOW2416,Computational Science and Ecology,2416
COGENW2416,Computational Science and Genetics,2416
COGESW2416,Computational Science and Geographical Sciences,2416
COGEOW2416,Computational Science and Geological Sciences,2416
COMARW2416,Computational Science and Marine Science,2416
COMATW2416,Computational Science and Mathematics,2416
COMICW2416,Computational Science and Microbiology,2416
COPHYW2416,Computational Science and Physics,2416
COPLAW2416,Computational Science and Plant Science,2416
COPSYW2416,Computational Science and Psychology,2416
COSTAW2416,Computational Science and Statistics,2416
COZOOW2416,Computational Science and Zoology,2416
COSCIY2416,Computer Science,2416
COSCIX2416,Computer Science,2416
ECOLGX2416,Ecology,2416
FOODSW2416,Food Science and Nutrition,2416
FOODTX2416,Food Science and Technology,2416
FOODTY2416,Food Science and Technology,2416
GENTCX2416,Genetics,2416
GEOSCX2416,Geographical Sciences,2416
GEOLSX2416,Geological Sciences,2416
GEOLSY2416,Geological Sciences,2416
MARBIY2416,Marine Biology,2416
MARSCX2416,Marine Science,2416
MATHSX2416,Mathematics,2416
MATHSY2416,Mathematics,2416
MICRBX2416,Microbiology,2416
PHYSCX2416,Physics,2416
PHYSCY2416,Physics,2416
PLANTX2416,Plant Science,2416
PSYCOX2416,Psychology,2416
PSYCOY2416,Psychology,2416
PUBHLX2416,Public Health,2416
STATCX2416,Statistics,2416
ZOOLGX2416,Zoology,2416
BUSECX2273,Business Economics,2273
ABORIX2074,Aboriginal and Torres Strait Islander Studies,2074
ADVERX2074,Advertising,2074
ANCIEY2074,Ancient History,2074
ANCIEX2074,Ancient History,2074
ANCHHX2074,Ancient History/History,2074
ANTHRX2074,Anthropology,2074
ANTHRY2074,Anthropology,2074
ARCHAX2074,Archaeology,2074
ARCHAY2074,Archaeology,2074
ARTHIX2074,Art History,2074
ARTHIY2074,Art History,2074
BUSECX2074,Business Economics,2074
BISYSX2074,Business Information Systems,2074
CHINAX2074,Chinese,2074
CHINAY2074,Chinese,2074
CHITIX2074,Chinese Translation and Interpreting,2074
CHITIY2074,Chinese Translation and Interpreting,2074
CLLATX2074,Classical Languages,2074
CLLATY2074,Classical Languages,2074
CRIMIX2074,Criminology,2074
CRIMIY2074,Criminology,2074
DRAMAX2074,Drama,2074
DRAMAY2074,Drama,2074
ECONOX2074,Economics,2074
ECONOY2074,Economics,2074
ENGLIX2074,English,2074
ENGLIY2074,English,2074
ENLITX2074,English Literature,2074
ENLITY2074,English Literature,2074
FILMTX2074,Film and Television Studies,2074
FRENAX2074,French,2074
FRENAY2074,French,2074
GENDRZ2074,Gender Studies,2074
GEOPHX2074,Geography,2074
GEOPHY2074,Geography,2074
GERMAX2074,German,2074
GERMAY2074,German,2074
HISTOX2074,History,2074
HISTOY2074,History,2074
HMRESX2074,Human Resources,2074
INDOAX2074,Indonesian,2074
INDOAY2074,Indonesian,2074
INTERZ2074,International Business,2074
INTERY2074,International Relations,2074
INTERX2074,International Relations,2074
ITALIX2074,Italian,2074
JAPNAX2074,Japanese,2074
JAPNAY2074,Japanese,2074
JOURMX2074,Journalism and Mass Communication,2074
KORNAX2074,Korean,2074
KORNAY2074,Korean,2074
LATINZ2074,Latin American Studies,2074
LINGUX2074,Linguistics,2074
LINGUY2074,Linguistics,2074
MARKEX2074,Marketing,2074
MATHEX2074,Mathematics,2074
MATHEY2074,Mathematics,2074
MDIGCX2074,Media and Digital Cultures,2074
MUSICY2074,Music,2074
MUSICX2074,Music,2074
MUPSYZ2074,Music Psychology,2074
PEACEX2074,Peace and Conflict Studies,2074
PEACEY2074,Peace and Conflict Studies,2074
PHILOX2074,Philosophy,2074
PHILOY2074,Philosophy,2074
POLISX2074,Political Science,2074
POLISY2074,Political Science,2074
POPMTX2074,Popular Music and Technology,2074
PROWRX2074,Professional Writing and Communication,2074
PSYCHX2074,Psychology,2074
PSYCHY2074,Psychology,2074
PUBPLX2074,Public Policy,2074
REALEX2074,Real Estate and Development,2074
RUSSIX2074,Russian,2074
SOCIOX2074,Sociology,2074
SOCIOY2074,Sociology,2074
SPANAY2074,Spanish,2074
SPANAX2074,Spanish,2074
SPORTX2074,Sports Studies,2074
SPORTY2074,Sports Studies,2074
STUACZ2074,Studies in Australian Culture,2074
RELIGY2074,Studies in Religion,2074
RELIGX2074,Studies in Religion,2074
WRITIX2074,Writing,2074
WRITIY2074,Writing,2074
ACCNTX2076,Accounting,2076
ADVERX2076,Advertising,2076
BUSECX2076,Business Economics,2076
BISYSX2076,Business Information Systems,2076
BISYMX2076,Business Information Systems,2076
FINCEX2076,Finance,2076
HMRESX2076,Human Resources,2076
INTERX2076,International Business,2076
MARKEX2076,Marketing,2076
REALEX2076,Real Estate and Development,2076
ADVERX2404,Advertising,2404
BUSECX2404,Business Economics,2404
BISYSX2404,Business Information Systems,2404
DIGMEX2404,Digital Media,2404
HMRESX2404,Human Resources,2404
INTERX2404,International Business,2404
MARKEX2404,Marketing,2404
PUBREX2404,Public Relations,2404
REALEX2404,Real Estate and Development,2404
ADVERX2077,Advertising,2077
BISYSX2077,Business Information Systems,2077
BUSINX2077,Business and Industry,2077
ECOPPX2077,Economics and Public Policy,2077
HMRESX2077,Human Resources,2077
INTERX2077,International Business,2077
ITFINX2077,International Trade and Finance,2077
MARKEX2077,Marketing,2077
NTRESX2077,Natural Resources and Environment,2077
QUANTX2077,Quantitative Methods,2077
REALEX2077,Real Estate and Development,2077
ADVERX2222,Advertising,2222
BUSECX2222,Business Economics,2222
BISYSX2222,Business Information Systems,2222
HMRESX2222,Human Resources,2222
INTERX2222,International Business,2222
MARKEX2222,Marketing,2222
REALEX2222,Real Estate and Development,2222
SISYSX2222,Software Information Systems,2222
ADVERX2340,Advertising,2340
BUSECX2340,Business Economics,2340
BISYSX2340,Business Information Systems,2340
EVENTX2340,Event Management,2340
HOTELX2340,Hospitality Management,2340
HMRESX2340,Human Resources,2340
INTERX2340,International Business,2340
MARKEX2340,Marketing,2340
REALEX2340,Real Estate & Development,2340
TOURIX2340,Tourism Management,2340
ADVERX2274,Advertising,2274
BUSECX2274,Business Economics,2274
BISYSX2274,Business Information Systems,2274
HMRESX2274,Human Resources,2274
INTERX2274,International Business,2274
MARKEX2274,Marketing,2274
REALEX2274,Real Estate and Development,2274
ADVERX2362,Advertising,2362
BUSECX2362,Business Economics,2362
BISYSX2362,Business Information Systems,2362
HMRESX2362,Human Resources,2362
INTERX2362,International Business,2362
MARKEX2362,Marketing,2362
REALEX2362,Real Estate and Development,2362
ADVERX2081,Advertising,2081
ARCHSX2081,Archaeological Science,2081
ARCHSY2081,Archaeological Science,2081
BIMOLX2081,Biochemistry and Molecular Biology,2081
BIOINX2081,Bioinformatics,2081
BIOMSX2081,Biomedical Science,2081
BIOMSY2081,Biomedical Science,2081
BIPHYW2081,Biophysics,2081
BUSECX2081,Business Economics,2081
BISYSX2081,Business Information Systems,2081
CHMSCW2081,Chemical Sciences,2081
CHMSTX2081,Chemistry,2081
COBMOW2081,Computational Sc and Biochem & Molecular Biol,2081
COBIOW2081,Computational Science and Biomedical Science,2081
COCHEW2081,Computational Science and Chemistry,2081
COCOMW2081,Computational Science and Computer Science,2081
COECOW2081,Computational Science and Ecology,2081
COGENW2081,Computational Science and Genetics,2081
COGESW2081,Computational Science and Geographical Sciences,2081
COGEOW2081,Computational Science and Geological Sciences,2081
COMARW2081,Computational Science and Marine Science,2081
COMATW2081,Computational Science and Mathematics,2081
COMICW2081,Computational Science and Microbiology,2081
COPHYW2081,Computational Science and Physics,2081
COPLAW2081,Computational Science and Plant Science,2081
COPSYW2081,Computational Science and Psychology,2081
COSTAW2081,Computational Science and Statistics,2081
COZOOW2081,Computational Science and Zoology,2081
COSCIY2081,Computer Science,2081
COSCIX2081,Computer Science,2081
ECOLGX2081,Ecology,2081
FOODSW2081,Food Science and Nutrition,2081
FOODTX2081,Food Science and Technology,2081
FOODTY2081,Food Science and Technology,2081
GENTCX2081,Genetics,2081
GEOSCX2081,Geographical Sciences,2081
GEOLSX2081,Geological Sciences,2081
GEOLSY2081,Geological Sciences,2081
HMRESX2081,Human Resources,2081
INTERX2081,International Business,2081
MARBIY2081,Marine Biology,2081
MARSCX2081,Marine Science,2081
MARKEX2081,Marketing,2081
MATHSX2081,Mathematics,2081
MATHSY2081,Mathematics,2081
MICRBX2081,Microbiology,2081
PHYSCX2081,Physics,2081
PHYSCY2081,Physics,2081
PLANTX2081,Plant Science,2081
PSYCOX2081,Psychology,2081
PSYCOY2081,Psychology,2081
PUBHLX2081,Public Health,2081
REALEX2081,Real Estate and Development,2081
STATCX2081,Statistics,2081
ZOOLGX2081,Zoology,2081
ACCNTX2024,Accounting,2024
BISYSX2024,Business Information Systems,2024
FINCEX2024,Finance,2024
DIGMEX2236,Digital Media,2236
PUBREX2236,Public Relations,2236
CYBERX2425,Cyber Security,2425
DATASX2425,Data Science,2425
MACHDX2425,Machine Learning,2425
PROLAX2425,Programming Languages,2425
SCCOMX2425,Scientific Computing,2425
ACCNTX2223,Accounting,2223
BISYSX2223,Business Information Systems,2223
FINCEX2223,Finance,2223
SISYSX2223,Software Information Systems,2223
ABORIX2083,Aboriginal and Torres Strait Islander Studies,2083
ACCNTX2083,Accounting,2083
ANCIEY2083,Ancient History,2083
ANCIEX2083,Ancient History,2083
ANCHHX2083,Ancient History/History,2083
ANTHRX2083,Anthropology,2083
ANTHRY2083,Anthropology,2083
ARCHAX2083,Archaeology,2083
ARCHAY2083,Archaeology,2083
ARTHIX2083,Art History,2083
ARTHIY2083,Art History,2083
BISYSX2083,Business Information Systems,2083
CHINAX2083,Chinese,2083
CHINAY2083,Chinese,2083
CHITIX2083,Chinese Translation and Interpreting,2083
CHITIY2083,Chinese Translation and Interpreting,2083
CLLATX2083,Classical Languages,2083
CLLATY2083,Classical Languages,2083
CRIMIX2083,Criminology,2083
CRIMIY2083,Criminology,2083
DRAMAX2083,Drama,2083
DRAMAY2083,Drama,2083
ECONOX2083,Economics,2083
ECONOY2083,Economics,2083
ENGLIX2083,English,2083
ENGLIY2083,English,2083
ENLITX2083,English Literature,2083
ENLITY2083,English Literature,2083
FILMTX2083,Film and Television Studies,2083
FINCEX2083,Finance,2083
FRENAX2083,French,2083
FRENAY2083,French,2083
GENDRZ2083,Gender Studies,2083
GEOPHX2083,Geography,2083
GEOPHY2083,Geography,2083
GERMAX2083,German,2083
GERMAY2083,German,2083
HISTOX2083,History,2083
HISTOY2083,History,2083
INDOAX2083,Indonesian,2083
INDOAY2083,Indonesian,2083
INTERX2083,International Relations,2083
INTERY2083,International Relations,2083
ITALIX2083,Italian,2083
JAPNAX2083,Japanese,2083
JAPNAY2083,Japanese,2083
JOURMX2083,Journalism and Mass Communication,2083
KORNAX2083,Korean,2083
KORNAY2083,Korean,2083
LATINZ2083,Latin American Studies,2083
LINGUX2083,Linguistics,2083
LINGUY2083,Linguistics,2083
MATHEX2083,Mathematics,2083
MATHEY2083,Mathematics,2083
MDIGCX2083,Media and Digital Cultures,2083
MUSICY2083,Music,2083
MUSICX2083,Music,2083
MUPSYZ2083,Music Psychology,2083
PEACEX2083,Peace and Conflict Studies,2083
PEACEY2083,Peace and Conflict Studies,2083
PHILOX2083,Philosophy,2083
PHILOY2083,Philosophy,2083
POLISX2083,Political Science,2083
POLISY2083,Political Science,2083
POPMTX2083,Popular Music and Technology,2083
PROWRX2083,Professional Writing and Communication,2083
PSYCHX2083,Psychology,2083
PSYCHY2083,Psychology,2083
PUBPLX2083,Public Policy,2083
RUSSIX2083,Russian,2083
SOCIOX2083,Sociology,2083
SOCIOY2083,Sociology,2083
SPANAY2083,Spanish,2083
SPANAX2083,Spanish,2083
SPORTX2083,Sports Studies,2083
SPORTY2083,Sports Studies,2083
STUACZ2083,Studies in Australian Culture,2083
RELIGY2083,Studies in Religion,2083
RELIGX2083,Studies in Religion,2083
WRITIX2083,Writing,2083
WRITIY2083,Writing,2083
ACCNTX2084,Accounting,2084
BISYSX2084,Business Information Systems,2084
BUSINX2084,Business and Industry,2084
ECOPPX2084,Economics and Public Policy,2084
FINCEX2084,Finance,2084
ITFINX2084,International Trade and Finance,2084
NTRESX2084,Natural Resources and Environment,2084
QUANTX2084,Quantitative Methods,2084
ACCNTX2363,Accounting,2363
BISYSX2363,Business Information Systems,2363
FINCEX2363,Finance,2363
ACCNTX2087,Accounting,2087
ARCHSX2087,Archaeological Science,2087
ARCHSY2087,Archaeological Science,2087
BIMOLX2087,Biochemistry and Molecular Biology,2087
BIOINX2087,Bioinformatics,2087
BIOMSX2087,Biomedical Science,2087
BIOMSY2087,Biomedical Science,2087
BIPHYW2087,Biophysics,2087
BISYSX2087,Business Information Systems,2087
CHMSCW2087,Chemical Sciences,2087
CHMSTX2087,Chemistry,2087
COBMOW2087,Computational Sc and Biochem & Molecular Biol,2087
COBIOW2087,Computational Science and Biomedical Science,2087
COCHEW2087,Computational Science and Chemistry,2087
COCOMW2087,Computational Science and Computer Science,2087
COECOW2087,Computational Science and Ecology,2087
COGENW2087,Computational Science and Genetics,2087
COGESW2087,Computational Science and Geographical Sciences,2087
COGEOW2087,Computational Science and Geological Sciences,2087
COMARW2087,Computational Science and Marine Science,2087
COMATW2087,Computational Science and Mathematics,2087
COMICW2087,Computational Science and Microbiology,2087
COPHYW2087,Computational Science and Physics,2087
COPLAW2087,Computational Science and Plant Science,2087
COPSYW2087,Computational Science and Psychology,2087
COSTAW2087,Computational Science and Statistics,2087
COZOOW2087,Computational Science and Zoology,2087
COSCIY2087,Computer Science,2087
COSCIX2087,Computer Science,2087
ECOLGX2087,Ecology,2087
FINCEX2087,Finance,2087
FOODSW2087,Food Science and Nutrition,2087
FOODTX2087,Food Science and Technology,2087
FOODTY2087,Food Science and Technology,2087
GENTCX2087,Genetics,2087
GEOSCX2087,Geographical Sciences,2087
GEOLSX2087,Geological Sciences,2087
GEOLSY2087,Geological Sciences,2087
MARBIY2087,Marine Biology,2087
MARSCX2087,Marine Science,2087
MATHSX2087,Mathematics,2087
MATHSY2087,Mathematics,2087
MICRBX2087,Microbiology,2087
PHYSCX2087,Physics,2087
PHYSCY2087,Physics,2087
PLANTX2087,Plant Science,2087
PSYCOX2087,Psychology,2087
PSYCOY2087,Psychology,2087
PUBHLX2087,Public Health,2087
STATCX2087,Statistics,2087
ZOOLGX2087,Zoology,2087
DIGMEX2283,Digital Media,2283
PUBREX2283,Public Relations,2283
ABORIX2282,Aboriginal and Torres Strait Island Studies,2282
ANCIEY2282,Ancient History,2282
ANCIEX2282,Ancient History,2282
ANCHHX2282,Ancient History/History,2282
ANTHRX2282,Anthropology,2282
ANTHRY2282,Anthropology,2282
ARCHAX2282,Archaeology,2282
ARCHAY2282,Archaeology,2282
ARTHIX2282,Art History,2282
ARTHIY2282,Art History,2282
CHINAX2282,Chinese,2282
CHINAY2282,Chinese,2282
CHITIX2282,Chinese Translation and Interpreting,2282
CHITIY2282,Chinese Translation and Interpreting,2282
CLLATX2282,Classical Languages,2282
CLLATY2282,Classical Languages,2282
CRIMIX2282,Criminology,2282
CRIMIY2282,Criminology,2282
DIGMEX2282,Digital Media,2282
DRAMAX2282,Drama,2282
DRAMAY2282,Drama,2282
ECONOX2282,Economics,2282
ECONOY2282,Economics,2282
ENGLIX2282,English,2282
ENGLIY2282,English,2282
ENLITX2282,English Literature,2282
ENLITY2282,English Literature,2282
FILMTX2282,Film and Television Studies,2282
FRENAX2282,French,2282
FRENAY2282,French,2282
GENDRZ2282,Gender Studies,2282
GEOPHX2282,Geography,2282
GEOPHY2282,Geography,2282
GERMAX2282,German,2282
GERMAY2282,German,2282
HISTOX2282,History,2282
HISTOY2282,History,2282
INDOAX2282,Indonesian,2282
INDOAY2282,Indonesian,2282
INTERX2282,International Relations,2282
INTERY2282,International Relations,2282
ITALIX2282,Italian,2282
JAPNAX2282,Japanese,2282
JAPNAY2282,Japanese,2282
KORNAX2282,Korean,2282
KORNAY2282,Korean,2282
LATINZ2282,Latin American Studies,2282
LINGUX2282,Linguistics,2282
LINGUY2282,Linguistics,2282
MATHEX2282,Mathematics,2282
MATHEY2282,Mathematics,2282
MUSICY2282,Music,2282
MUSICX2282,Music,2282
MUPSYZ2282,Music Psychology,2282
PEACEX2282,Peace and Conflict Studies,2282
PEACEY2282,Peace and Conflict Studies,2282
PHILOX2282,Philosophy,2282
PHILOY2282,Philosophy,2282
POLISX2282,Political Science,2282
POLISY2282,Political Science,2282
POPMTX2282,Popular Music and Technology,2282
PSYCHX2282,Psychology,2282
PSYCHY2282,Psychology,2282
PUBPLX2282,Public Policy,2282
PUBREX2282,Public Relations,2282
RUSSIX2282,Russian,2282
SOCIOX2282,Sociology,2282
SOCIOY2282,Sociology,2282
SPANAX2282,Spanish,2282
SPANAY2282,Spanish,2282
SPORTX2282,Sports Studies,2282
SPORTY2282,Sports Studies,2282
STUACZ2282,Studies in Australian Culture,2282
RELIGY2282,Studies in Religion,2282
RELIGX2282,Studies in Religion,2282
WRITIX2282,Writing,2282
WRITIY2282,Writing,2282
ABORIX2426,Aboriginal & Torres Strait Islander Studies,2426
ANCIEY2426,Ancient History,2426
ANCIEX2426,Ancient History,2426
ANCHHX2426,Ancient History/History,2426
ANTHRX2426,Anthropology,2426
ANTHRY2426,Anthropology,2426
ARCHAX2426,Archaeology,2426
ARCHAY2426,Archaeology,2426
ARTHIX2426,Art History,2426
ARTHIY2426,Art History,2426
CHINAX2426,Chinese,2426
CHINAY2426,Chinese,2426
CHITIX2426,Chinese Translation and Interpreting,2426
CHITIY2426,Chinese Translation and Interpreting,2426
CLLATX2426,Classical Languages,2426
CRIMIX2426,Criminology,2426
CRIMIY2426,Criminology,2426
CYBERX2426,Cyber Security,2426
DATASX2426,Data Science,2426
DRAMAX2426,Drama,2426
DRAMAY2426,Drama,2426
ECONOX2426,Economics,2426
ECONOY2426,Economics,2426
ENGLIX2426,English,2426
ENGLIY2426,English,2426
ENLITX2426,English Literature,2426
ENLITY2426,English Literature,2426
FILMTX2426,Film and Television Studies,2426
FRENAX2426,French,2426
FRENAY2426,French,2426
GENDRZ2426,Gender Studies,2426
GEOPHX2426,Geography,2426
GEOPHY2426,Geography,2426
GERMAX2426,German,2426
GERMAY2426,German,2426
HISTOX2426,History,2426
HISTOY2426,History,2426
INDOAX2426,Indonesian,2426
INDOAY2426,Indonesian,2426
INTERX2426,International Relations,2426
INTERY2426,International Relations,2426
ITALIX2426,Italian,2426
JAPNAX2426,Japanese,2426
JAPNAY2426,Japanese,2426
JOURMX2426,Journalism and Mass Communication,2426
KORNAX2426,Korean,2426
KORNAY2426,Korean,2426
LATINZ2426,Latin American Studies,2426
LINGUX2426,Linguistics,2426
LINGUY2426,Linguistics,2426
MACHDX2426,Machine Learning,2426
MATHEX2426,Mathematics,2426
MATHEY2426,Mathematics,2426
MDIGCX2426,Media and Digital Cultures,2426
MUSICX2426,Music,2426
MUSICY2426,Music,2426
PEACEX2426,Peace and Conflict Studies,2426
PEACEY2426,Peace and Conflict Studies,2426
PHILOX2426,Philosophy,2426
PHILOY2426,Philosophy,2426
POLISX2426,Political Science,2426
POLISY2426,Political Science,2426
POPMTX2426,Popular Music and Technology,2426
PROWRX2426,Professional Writing and Communication,2426
PROLAX2426,Programming Languages,2426
PSYCHX2426,Psychology,2426
PSYCHY2426,Psychology,2426
PUBPLX2426,Public Policy,2426
RUSSIX2426,Russian,2426
SCCOMX2426,Scientific Computing,2426
SOCIOY2426,Sociology,2426
SOCIOX2426,Sociology,2426
SPANAX2426,Spanish,2426
SPANAY2426,Spanish,2426
SPORTX2426,Sports Studies,2426
SPORTY2426,Sports Studies,2426
STUACZ2426,Studies in Australian Culture,2426
RELIGY2426,Studies in Religion,2426
RELIGX2426,Studies in Religion,2426
WRITIX2426,Writing,2426
WRITIY2426,Writing,2426
ARCHSX2427,Archaeological Science,2427
ARCHSY2427,Archaeological Science,2427
BIMOLX2427,Biochemistry and Molecular Biology,2427
BIOINX2427,Bioinformatics,2427
BIOMSX2427,Biomedical Science,2427
BIOMSY2427,Biomedical Science,2427
BIPHYW2427,Biophysics,2427
CHMSCW2427,Chemical Sciences,2427
CHMSTX2427,Chemistry,2427
COBMOW2427,Computational Science and Biochemistry,2427
COBIOW2427,Computational Science and Biomedical Science,2427
COCHEW2427,Computational Science and Chemistry,2427
COECOW2427,Computational Science and Ecology,2427
COGENW2427,Computational Science and Genetics,2427
COGESW2427,Computational Science and Geographical Sciences,2427
COGEOW2427,Computational Science and Geological Sciences,2427
COMARW2427,Computational Science and Marine Science,2427
COMATW2427,Computational Science and Mathematics,2427
COMICW2427,Computational Science and Microbiology,2427
COPHYW2427,Computational Science and Physics,2427
COPLAW2427,Computational Science and Plant Science,2427
COPSYW2427,Computational Science and Psychology,2427
COSTAW2427,Computational Science and Statistics,2427
COZOOW2427,Computational Science and Zoology,2427
CYBERX2427,Cyber Security,2427
DATASX2427,Data Science,2427
ECOLGX2427,Ecology,2427
FOODSW2427,Food Science and Nutrition,2427
FOODTX2427,Food Science and Technology,2427
FOODTY2427,Food Science and Technology,2427
GENTCX2427,Genetics,2427
GEOSCX2427,Geographical Sciences,2427
GEOLSX2427,Geological Sciences,2427
GEOLSY2427,Geological Sciences,2427
MACHDX2427,Machine Learning,2427
MARBIY2427,Marine Biology,2427
MARSCX2427,Marine Science,2427
MATHSX2427,Mathematics,2427
MATHSY2427,Mathematics,2427
MICRBX2427,Microbiology,2427
PHYSCX2427,Physics,2427
PHYSCY2427,Physics,2427
PLANTX2427,Plant Science,2427
PROLAX2427,Programming Languages,2427
PSYCOX2427,Psychology,2427
PSYCOY2427,Psychology,2427
PUBHLX2427,Public Health,2427
SCCOMX2427,Scientific Computing,2427
STATCX2427,Statistics,2427
ZOOLGX2427,Zoology,2427
BUSINX2029,Business and Industry,2029
ECOPPX2029,Economics and Public Policy,2029
ITFINX2029,International Trade and Finance,2029
NTRESX2029,Natural Resources and Environment,2029
QUANTX2029,Quantitative Methods,2029
METRIX2132,Econometrics,2132
ECONMX2132,Economics,2132
CHEMIX2342,Chemical Engineering,2342
CHEMIY2342,Chemical Engineering,2342
CHBIOW2342,Chemical and Biological Engineering,2342
CHENVW2342,Chemical and Environmental Engineering,2342
CHMATW2342,Chemical and Materials Engineering,2342
CHMETW2342,Chemical and Metallurgical Engineering,2342
CIVILY2342,Civil Engineering,2342
CIVILX2342,Civil Engineering,2342
CIENVW2342,Civil and Environmental Engineering,2342
CIVGEW2342,Civil and Geotechnical Engineering,2342
ELECTY2342,Electrical Engineering,2342
ELECTX2342,Electrical Engineering,2342
ELBIOW2342,Electrical and Biomedical Engineering,2342
ELCOMW2342,Electrical and Computer Engineering,2342
MECHAX2342,Mechanical Engineering,2342
MECHAY2342,Mechanical Engineering,2342
MEAERW2342,Mechanical and Aerospace Engineering,2342
MECMAW2342,Mechanical and Materials Engineering,2342
MECTRY2342,Mechatronic Engineering,2342
MININX2342,Mining Engineering,2342
MININY2342,Mining Engineering,2342
MINGEW2342,Mining and Geotechnical Engineering,2342
SOFTWX2342,Software Engineering,2342
SOFTWY2342,Software Engineering,2342
CHEMIX2350,Chemical Engineering,2350
CHBIOW2350,Chemical and Biological Engineering,2350
CHENVW2350,Chemical and Environmental Engineering,2350
CHMATW2350,Chemical and Materials Engineering,2350
CHMETW2350,Chemical and Metallurgical Engineering,2350
CIVENX2350,Civil Engineering,2350
CIVFSX2350,Civil and Fire Safety Engineering,2350
ELENGX2350,Electrical Engineering,2350
ELEBEX2350,Electrical and Biomedical Engineering,2350
ELECEX2350,Electrical and Computer Engineering,2350
MECENX2350,Mechanical Engineering,2350
MECAEX2350,Mechanical and Aerospace Engineering,2350
MECMEX2350,Mechanical and Materials Engineering,2350
MECTRX2350,Mechatronic Engineering,2350
SOFTEX2350,Software Engineering,2350
NATURX2376,Natural Systems and Wildlife,2376
SUSTAX2376,Sustainable Development,2376
EARTHX2353,Earth Resources,2353
ECOLOX2353,Ecology and Conservation,2353
ENVTOX2353,Environmental Toxicology,2353
NATURX2353,Natural Resource Science,2353
ABORIX2095,Aboriginal and Torres Strait Islander Studies,2095
ANCIEY2095,Ancient History,2095
ANCIEX2095,Ancient History,2095
ANCHHX2095,Ancient History/History,2095
ANTHRX2095,Anthropology,2095
ANTHRY2095,Anthropology,2095
ARCHAX2095,Archaeology,2095
ARCHAY2095,Archaeology,2095
ARTHIX2095,Art History,2095
ARTHIY2095,Art History,2095
BUSINX2095,Business and Industry,2095
CHINAX2095,Chinese,2095
CHINAY2095,Chinese,2095
CHITIX2095,Chinese Translation and Interpreting,2095
CHITIY2095,Chinese Translation and Interpreting,2095
CLLATX2095,Classical Languages,2095
CLLATY2095,Classical Languages,2095
CRIMIX2095,Criminology,2095
CRIMIY2095,Criminology,2095
DRAMAX2095,Drama,2095
DRAMAY2095,Drama,2095
ECOPPX2095,Economics and Public Policy,2095
ENGLIX2095,English,2095
ENGLIY2095,English,2095
ENLITX2095,English Literature,2095
ENLITY2095,English Literature,2095
FILMTX2095,Film and Television Studies,2095
FRENAX2095,French,2095
FRENAY2095,French,2095
GENDRZ2095,Gender Studies,2095
GEOPHX2095,Geography,2095
GEOPHY2095,Geography,2095
GERMAX2095,German,2095
GERMAY2095,German,2095
HISTOX2095,History,2095
HISTOY2095,History,2095
INDOAX2095,Indonesian,2095
INDOAY2095,Indonesian,2095
INTERX2095,International Relations,2095
INTERY2095,International Relations,2095
ITFINX2095,International Trade and Finance,2095
ITALIX2095,Italian,2095
JAPNAX2095,Japanese,2095
JAPNAY2095,Japanese,2095
JOURMX2095,Journalism and Mass Communication,2095
KORNAX2095,Korean,2095
KORNAY2095,Korean,2095
LATINZ2095,Latin American Studies,2095
LINGUX2095,Linguistics,2095
LINGUY2095,Linguistics,2095
MATHEX2095,Mathematics,2095
MATHEY2095,Mathematics,2095
MDIGCX2095,Media and Digital Cultures,2095
MUSICY2095,Music,2095
MUSICX2095,Music,2095
MUPSYZ2095,Music Psychology,2095
NTRESX2095,Natural Resources and Environment,2095
PEACEX2095,Peace and Conflict Studies,2095
PEACEY2095,Peace and Conflict Studies,2095
PHILOX2095,Philosophy,2095
PHILOY2095,Philosophy,2095
POLISX2095,Political Science,2095
POLISY2095,Political Science,2095
POPMTX2095,Popular Music and Technology,2095
PROWRX2095,Professional Writing and Communication,2095
PSYCHX2095,Psychology,2095
PSYCHY2095,Psychology,2095
PUBPLX2095,Public Policy,2095
QUANTX2095,Quantitative Methods,2095
RUSSIX2095,Russian,2095
SOCIOX2095,Sociology,2095
SOCIOY2095,Sociology,2095
SPANAY2095,Spanish,2095
SPANAX2095,Spanish,2095
SPORTX2095,Sports Studies,2095
SPORTY2095,Sports Studies,2095
STUACZ2095,Studies in Australian Culture,2095
RELIGY2095,Studies in Religion,2095
RELIGX2095,Studies in Religion,2095
WRITIX2095,Writing,2095
WRITIY2095,Writing,2095
ARCHSX2098,Archaeological Science,2098
ARCHSY2098,Archaeological Science,2098
BIMOLX2098,Biochemistry and Molecular Biology,2098
BIOINX2098,Bioinformatics,2098
BIOMSX2098,Biomedical Science,2098
BIOMSY2098,Biomedical Science,2098
BIPHYW2098,Biophysics,2098
BUSINX2098,Business and Industry,2098
CHMSCW2098,Chemical Sciences,2098
CHMSTX2098,Chemistry,2098
COBMOW2098,Computational Sc and Biochem & Molecular Biol,2098
COBIOW2098,Computational Science and Biomedical Science,2098
COCHEW2098,Computational Science and Chemistry,2098
COCOMW2098,Computational Science and Computer Science,2098
COECOW2098,Computational Science and Ecology,2098
COGENW2098,Computational Science and Genetics,2098
COGESW2098,Computational Science and Geographical Sciences,2098
COGEOW2098,Computational Science and Geological Sciences,2098
COMARW2098,Computational Science and Marine Science,2098
COMATW2098,Computational Science and Mathematics,2098
COMICW2098,Computational Science and Microbiology,2098
COPHYW2098,Computational Science and Physics,2098
COPLAW2098,Computational Science and Plant Science,2098
COPSYW2098,Computational Science and Psychology,2098
COSTAW2098,Computational Science and Statistics,2098
COZOOW2098,Computational Science and Zoology,2098
COSCIY2098,Computer Science,2098
COSCIX2098,Computer Science,2098
ECOLGX2098,Ecology,2098
ECOPPX2098,Economics and Public Policy,2098
FOODSW2098,Food Science and Nutrition,2098
FOODTX2098,Food Science and Technology,2098
FOODTY2098,Food Science and Technology,2098
GENTCX2098,Genetics,2098
GEOSCX2098,Geographical Sciences,2098
GEOLSX2098,Geological Sciences,2098
GEOLSY2098,Geological Sciences,2098
ITFINX2098,International Trade and Finance,2098
MARBIY2098,Marine Biology,2098
MARSCX2098,Marine Science,2098
MATHSX2098,Mathematics,2098
MATHSY2098,Mathematics,2098
MICRBX2098,Microbiology,2098
NTRESX2098,Natural Resources and Environment,2098
PHYSCX2098,Physics,2098
PHYSCY2098,Physics,2098
PLANTX2098,Plant Science,2098
PSYCOX2098,Psychology,2098
PSYCOY2098,Psychology,2098
PUBHLX2098,Public Health,2098
QUANTX2098,Quantitative Methods,2098
STATCX2098,Statistics,2098
ZOOLGX2098,Zoology,2098
ABORIX2343,Aboriginal and Torres Strait Island Studies,2343
ANCIEX2343,Ancient History,2343
ANCIEY2343,Ancient History,2343
ANCHHX2343,Ancient History/History,2343
ANTHRX2343,Anthropology,2343
ANTHRY2343,Anthropology,2343
ARCHAX2343,Archaeology,2343
ARCHAY2343,Archaeology,2343
ARTHIX2343,Art History,2343
ARTHIY2343,Art History,2343
CHEMIX2343,Chemical Engineering,2343
CHINAX2343,Chinese,2343
CHINAY2343,Chinese,2343
CHINEX2343,Chinese,2343
CHINEY2343,Chinese,2343
CHITIX2343,Chinese Translation and Interpreting,2343
CHITIY2343,Chinese Translation and Interpreting,2343
CIVILX2343,Civil Engineering,2343
CLLATX2343,Classical Languages,2343
CLLATY2343,Classical Languages,2343
CRIMIX2343,Criminology,2343
CRIMIY2343,Criminology,2343
DRAMAX2343,Drama,2343
DRAMAY2343,Drama,2343
ECONOX2343,Economics,2343
ECONOY2343,Economics,2343
ELECTX2343,Electrical Engineering,2343
ENGLIX2343,English,2343
ENGLIY2343,English,2343
ENLITX2343,English Literature,2343
ENLITY2343,English Literature,2343
FILMTX2343,Film and Television Studies,2343
FRENAX2343,French,2343
FRENAY2343,French,2343
FRENCX2343,French,2343
FRENCY2343,French,2343
GENDRZ2343,Gender Studies,2343
GEOPHX2343,Geography,2343
GEOPHY2343,Geography,2343
GERMAX2343,German,2343
GERMAY2343,German,2343
GERMNX2343,German,2343
GERMNY2343,German,2343
HISTOX2343,History,2343
HISTOY2343,History,2343
INDOAX2343,Indonesian,2343
INDOAY2343,Indonesian,2343
INDONX2343,Indonesian,2343
INTERX2343,International Relations,2343
INTERY2343,International Relations,2343
ITALIX2343,Italian,2343
JAPANX2343,Japanese,2343
JAPANY2343,Japanese,2343
JAPNAX2343,Japanese,2343
JAPNAY2343,Japanese,2343
JOURMX2343,Journalism and Mass Communication,2343
KOREAX2343,Korean,2343
KORNAX2343,Korean,2343
KORNAY2343,Korean,2343
LATINZ2343,Latin American Studies,2343
LINGUX2343,Linguistics,2343
LINGUY2343,Linguistics,2343
MATHEX2343,Mathematics,2343
MATHEY2343,Mathematics,2343
MECHAX2343,Mechanical Engineering,2343
MDIGCX2343,Media and Digital Cultures,2343
MININX2343,Mining Engineering,2343
MUSICX2343,Music,2343
MUSICY2343,Music,2343
MUPSYZ2343,Music Psychology,2343
PEACEX2343,Peace and Conflict Studies,2343
PEACEY2343,Peace and Conflict Studies,2343
PHILOX2343,Philosophy,2343
PHILOY2343,Philosophy,2343
POLISX2343,Political Science,2343
POLISY2343,Political Science,2343
POPMTX2343,Popular Music and Technology,2343
PROWRX2343,Professional Writing and Communication,2343
PSYCAX2343,Psychology,2343
PSYCHX2343,Psychology,2343
PSYCHY2343,Psychology,2343
PUBPLX2343,Public Policy,2343
RUSSIX2343,Russian,2343
SOCIOX2343,Sociology,2343
SOCIOY2343,Sociology,2343
SOFTWX2343,Software Engineering,2343
SPANAX2343,Spanish,2343
SPANAY2343,Spanish,2343
SPANIY2343,Spanish,2343
SPORTX2343,Sports Studies,2343
SPORTY2343,Sports Studies,2343
STUACZ2343,Studies in Australian Culture,2343
RELIGX2343,Studies in Religion,2343
RELIGY2343,Studies in Religion,2343
WRITIX2343,Writing,2343
WRITIY2343,Writing,2343
PROBIX2348,Bioprocess Technology,2348
ADVERX2344,Advertising,2344
BUSECX2344,Business Economics,2344
CHEMIX2344,Chemical Engineering,2344
CIVILX2344,Civil Engineering,2344
ELECTX2344,Electrical Engineering,2344
HMRESX2344,Human Resources,2344
INTERX2344,International Business,2344
MARKEX2344,Marketing,2344
MECHAX2344,Mechanical Engineering,2344
MININX2344,Mining Engineering,2344
REALEX2344,Real Estate and Development,2344
SOFTWX2344,Software Engineering,2344
ACCNTX2345,Accounting,2345
BISYSX2345,Business Information Systems,2345
CHEMIX2345,Chemical Engineering,2345
CIVILX2345,Civil Engineering,2345
ELECTX2345,Electrical Engineering,2345
FINCEX2345,Finance,2345
MECHAX2345,Mechanical Engineering,2345
MININX2345,Mining Engineering,2345
SOFTWX2345,Software Engineering,2345
CHEMIX2428,Chemical Engineering,2428
CIVILX2428,Civil Engineering,2428
CYBERX2428,Cyber Security,2428
DATASX2428,Data Science,2428
ELECTY2428,Electrical Engineering,2428
ELECTX2428,Electrical Engineering,2428
ELBIOW2428,Electrical and Biomedical Engineering,2428
ELCOMW2428,Electrical and Computer Engineering,2428
MACHDX2428,Machine Learning,2428
MECHAX2428,Mechanical Engineering,2428
MECTRY2428,Mechatronic Engineering,2428
MININX2428,Mining Engineering,2428
PROLAX2428,Programming Languages,2428
SCCOMX2428,Scientific Computing,2428
BUSINX2346,Business and Industry,2346
CHEMIX2346,Chemical Engineering,2346
CIVILX2346,Civil Engineering,2346
ECOPPX2346,Economics and Public Policy,2346
ELECTX2346,Electrical Engineering,2346
ITFINX2346,International Trade and Finance,2346
MECHAX2346,Mechanical Engineering,2346
MININX2346,Mining Engineering,2346
NTRESX2346,Natural Resources and Environment,2346
QUANTX2346,Quantitative Methods,2346
SOFTWX2346,Software Engineering,2346
CHEMIX2349,Chemical Engineering,2349
CIVILX2349,Civil Engineering,2349
CSNWKX2349,Computer Systems and Networks,2349
ELECTY2349,Electrical Engineering,2349
ELECTX2349,Electrical Engineering,2349
ELBIOW2349,Electrical and Biomedical Engineering,2349
ELCOMW2349,Electrical and Computer Engineering,2349
MECHAX2349,Mechanical Engineering,2349
MECTRY2349,Mechatronic Engineering,2349
MININX2349,Mining Engineering,2349
SWDESX2349,Software Design,2349
SISYSX2349,Software Information Systems,2349
UEDESX2349,User Experience Design,2349
CHEMIY2401,Chemical Engineering,2401
CHMENX2401,Chemical Engineering,2401
CHBIOW2401,Chemical and Biological Engineering,2401
CHENVW2401,Chemical and Environmental Engineering,2401
CHMATW2401,Chemical and Materials Engineering,2401
CHMETW2401,Chemical and Metallurgical Engineering,2401
CIVENX2401,Civil Engineering,2401
CIVENY2401,Civil Engineering,2401
CIENVW2401,Civil and Environmental Engineering,2401
CIVGEW2401,Civil and Geotechnical Engineering,2401
ELENGY2401,Electrical Engineering,2401
ELENGX2401,Electrical Engineering,2401
ELBIOW2401,Electrical and Biomedical Engineering,2401
ELCOMW2401,Electrical and Computer Engineering,2401
MECENX2401,Mechanical Engineering,2401
MECENY2401,Mechanical Engineering,2401
MECHAW2401,Mechanical and Aerospace Engineering,2401
MECMAW2401,Mechanical and Materials Engineering,2401
MECHAY2401,Mechatronic Engineering,2401
MINENX2401,Mining Engineering,2401
MINENY2401,Mining Engineering,2401
MINGEW2401,Mining and Geotechnical Engineering,2401
SFTENX2401,Software Engineering,2401
SOFENY2401,Software Engineering,2401
ARCHSX2347,Archaeological Science,2347
BIMOLX2347,Biochemistry and Molecular Biology,2347
BIOINX2347,Bioinformatics,2347
BIOMSX2347,Biomedical Science,2347
CHEMIY2347,Chemical Engineering,2347
CHEMIX2347,Chemical Engineering,2347
CHBIOW2347,Chemical and Biological Engineering,2347
CHENVW2347,Chemical and Environmental Engineering,2347
CHMATW2347,Chemical and Materials Engineering,2347
CHMETW2347,Chemical and Metallurgical Engineering,2347
CHMSTX2347,Chemistry,2347
CIVILX2347,Civil Engineering,2347
CIVILY2347,Civil Engineering,2347
CIENVW2347,Civil and Environmental Engineering,2347
CIVGEW2347,Civil and Geotechnical Engineering,2347
COSCIX2347,Computer Science,2347
ECOLGX2347,Ecology,2347
ELECTX2347,Electrical Engineering,2347
ELECTY2347,Electrical Engineering,2347
ELBIOW2347,Electrical and Biomedical Engineering,2347
ELCOMW2347,Electrical and Computer Engineering,2347
FOODTX2347,Food Science and Technology,2347
GENTCX2347,Genetics,2347
GEOSCX2347,Geographical Sciences,2347
GEOLSX2347,Geological Sciences,2347
MARSCX2347,Marine Science,2347
MATHSX2347,Mathematics,2347
MECHAY2347,Mechanical Engineering,2347
MECHAX2347,Mechanical Engineering,2347
MEAERW2347,Mechanical and Aerospace Engineering,2347
MECMAW2347,Mechanical and Materials Engineering,2347
MECTRY2347,Mechatronic Engineering,2347
MICRBX2347,Microbiology,2347
MININY2347,Mining Engineering,2347
MININX2347,Mining Engineering,2347
MINGEW2347,Mining and Geotechnical Engineering,2347
PHYSCX2347,Physics,2347
PLANTX2347,Plant Science,2347
PUBHLX2347,Public Health,2347
SOFTWX2347,Software Engineering,2347
SOFTWY2347,Software Engineering,2347
STATCX2347,Statistics,2347
ZOOLGX2347,Zoology,2347
HPROMX2252,Health Promotion,2252
NUTRIX2252,Nutrition,2252
PHLTHX2252,Public Health,2252
CSNWKX2230,Computer Systems and Networks,2230
EINFSW2230,Enterprise Information Systems,2230
SWDESX2230,Software Design,2230
SISYSX2230,Software Information Systems,2230
UEDESX2230,User Experience Design,2230
EVENTX2194,Event Management,2194
HOTELX2194,Hospitality Management,2194
TOURIX2194,Tourism Management,2194
CHINEX2316,Chinese,2316
CHITIX2316,Chinese Translation and Interpreting,2316
ECONOX2316,Economics,2316
FRENCX2316,French,2316
GERMNX2316,German,2316
INDONX2316,Indonesian,2316
INTHIX2316,International History,2316
INTIDX2316,International Inequality and Development,2316
INTERX2316,International Relations,2316
ITALIX2316,Italian,2316
JAPANX2316,Japanese,2316
KOREAX2316,Korean,2316
PEACEX2316,Peace and Conflict Studies,2316
RUSSIX2316,Russian,2316
SPANIX2316,Spanish,2316
CHINEX2317,Chinese,2317
FRENCX2317,French,2317
GERMNX2317,German,2317
HISTOX2317,History,2317
INDONX2317,Indonesian,2317
INTIDX2317,International Inequality and Development,2317
INTERX2317,International Relations,2317
JAPANX2317,Japanese,2317
KOREAX2317,Korean,2317
PEACEX2317,Peace and Conflict Studies,2317
RUSSIX2317,Russian,2317
SPANIX2317,Spanish,2317
ABORIX2231,Aboriginal and Torres Strait Islander Studies,2231
ANCIEY2231,Ancient History,2231
ANCIEX2231,Ancient History,2231
ANCHHX2231,Ancient History/History,2231
ANTHRX2231,Anthropology,2231
ANTHRY2231,Anthropology,2231
ARCHAX2231,Archaeology,2231
ARCHAY2231,Archaeology,2231
ARTHIX2231,Art History,2231
ARTHIY2231,Art History,2231
CHINAX2231,Chinese,2231
CHINAY2231,Chinese,2231
CHITIX2231,Chinese Translation and Interpreting,2231
CHITIY2231,Chinese Translation and Interpreting,2231
CLLATX2231,Classical Languages,2231
CLLATY2231,Classical Languages,2231
CSNWKX2231,Computer Systems and Networks,2231
CRIMIY2231,Criminology,2231
CRIMIX2231,Criminology,2231
DRAMAX2231,Drama,2231
DRAMAY2231,Drama,2231
ECONOX2231,Economics,2231
ECONOY2231,Economics,2231
ENGLIX2231,English,2231
ENGLIY2231,English,2231
ENLITX2231,English Literature,2231
ENLITY2231,English Literature,2231
FILMTX2231,Film and Television Studies,2231
FRENAX2231,French,2231
FRENAY2231,French,2231
GENDRZ2231,Gender Studies,2231
GEOPHX2231,Geography,2231
GEOPHY2231,Geography,2231
GERMAX2231,German,2231
GERMAY2231,German,2231
HISTOX2231,History,2231
HISTOY2231,History,2231
INDOAX2231,Indonesian,2231
INDOAY2231,Indonesian,2231
INTERX2231,International Relations,2231
INTERY2231,International Relations,2231
ITALIX2231,Italian,2231
JAPNAX2231,Japanese,2231
JAPNAY2231,Japanese,2231
JOURMX2231,Journalism and Mass Communication,2231
KORNAX2231,Korean,2231
KORNAY2231,Korean,2231
LATINZ2231,Latin American Studies,2231
LINGUX2231,Linguistics,2231
LINGUY2231,Linguistics,2231
MATHEX2231,Mathematics,2231
MATHEY2231,Mathematics,2231
MDIGCX2231,Media and Digital Cultures,2231
MUSICY2231,Music,2231
MUSICX2231,Music,2231
MUPSYZ2231,Music Psychology,2231
PEACEX2231,Peace and Conflict Studies,2231
PEACEY2231,Peace and Conflict Studies,2231
PHILOX2231,Philosophy,2231
PHILOY2231,Philosophy,2231
POLISX2231,Political Science,2231
POLISY2231,Political Science,2231
POPMTX2231,Popular Music and Technology,2231
PROWRX2231,Professional Writing and Communication,2231
PSYCHX2231,Psychology,2231
PSYCHY2231,Psychology,2231
PUBPLX2231,Public Policy,2231
RUSSIX2231,Russian,2231
SOCIOY2231,Sociology,2231
SOCIOX2231,Sociology,2231
SWDESX2231,Software Design,2231
SISYSX2231,Software Information Systems,2231
SPANAY2231,Spanish,2231
SPANAX2231,Spanish,2231
SPORTY2231,Sports Studies,2231
SPORTX2231,Sports Studies,2231
STUACZ2231,Studies in Australian Culture,2231
RELIGX2231,Studies in Religion,2231
RELIGY2231,Studies in Religion,2231
UEDESX2231,User Experience Design,2231
WRITIX2231,Writing,2231
WRITIY2231,Writing,2231
ARCHSX2228,Archaeological Science,2228
ARCHSY2228,Archaeological Science,2228
BIMOLX2228,Biochemistry and Molecular Biology,2228
BIOINX2228,Bioinformatics,2228
BIOMSX2228,Biomedical Science,2228
BIOMSY2228,Biomedical Science,2228
BIPHYW2228,Biophysics,2228
CHMSCW2228,Chemical Sciences,2228
CHMSTX2228,Chemistry,2228
COBMOW2228,Computational Sc and Biochem & Molecular Biol,2228
COBIOW2228,Computational Science and Biomedical Science,2228
COCHEW2228,Computational Science and Chemistry,2228
COECOW2228,Computational Science and Ecology,2228
COGENW2228,Computational Science and Genetics,2228
COGESW2228,Computational Science and Geographical Sciences,2228
COGEOW2228,Computational Science and Geological Sciences,2228
COMARW2228,Computational Science and Marine Science,2228
COMATW2228,Computational Science and Mathematics,2228
COMICW2228,Computational Science and Microbiology,2228
COPHYW2228,Computational Science and Physics,2228
COPLAW2228,Computational Science and Plant Science,2228
COPSYW2228,Computational Science and Psychology,2228
COSTAW2228,Computational Science and Statistics,2228
COZOOW2228,Computational Science and Zoology,2228
CSNWKX2228,Computer Systems and Networks,2228
ECOLGX2228,Ecology,2228
FOODSW2228,Food Science and Nutrition,2228
FOODTX2228,Food Science and Technology,2228
FOODTY2228,Food Science and Technology,2228
GENTCX2228,Genetics,2228
GEOSCX2228,Geographical Sciences,2228
GEOLSX2228,Geological Sciences,2228
GEOLSY2228,Geological Sciences,2228
MARBIY2228,Marine Biology,2228
MARSCX2228,Marine Science,2228
MATHSX2228,Mathematics,2228
MATHSY2228,Mathematics,2228
MICRBX2228,Microbiology,2228
PHYSCX2228,Physics,2228
PHYSCY2228,Physics,2228
PLANTX2228,Plant Science,2228
PSYCOX2228,Psychology,2228
PSYCOY2228,Psychology,2228
PUBHLX2228,Public Health,2228
SWDESX2228,Software Design,2228
SISYSX2228,Software Information Systems,2228
STATCX2228,Statistics,2228
ZOOLGX2228,Zoology,2228
ABORIX2102,Aboriginal and Torres Strait Island Studies,2102
ANCIEY2102,Ancient History,2102
ANCIEX2102,Ancient History,2102
ANCHHX2102,Ancient History/History,2102
ANTHRX2102,Anthropology,2102
ANTHRY2102,Anthropology,2102
ARCHAX2102,Archaeology,2102
ARCHAY2102,Archaeology,2102
ARTHIX2102,Art History,2102
ARTHIY2102,Art History,2102
CHINAX2102,Chinese,2102
CHINAY2102,Chinese,2102
CHITIX2102,Chinese Translation and Interpreting,2102
CHITIY2102,Chinese Translation and Interpreting,2102
CLLATX2102,Classical Languages,2102
CLLATY2102,Classical Languages,2102
CRIMIX2102,Criminology,2102
CRIMIY2102,Criminology,2102
DRAMAX2102,Drama,2102
DRAMAY2102,Drama,2102
ECONOX2102,Economics,2102
ECONOY2102,Economics,2102
ENGLIX2102,English,2102
ENGLIY2102,English,2102
ENLITX2102,English Literature,2102
ENLITY2102,English Literature,2102
FILMTX2102,Film and Television Studies,2102
FRENAX2102,French,2102
FRENAY2102,French,2102
GENDRZ2102,Gender Studies,2102
GEOPHX2102,Geography,2102
GEOPHY2102,Geography,2102
GERMAX2102,German,2102
GERMAY2102,German,2102
HISTOX2102,History,2102
HISTOY2102,History,2102
INDOAX2102,Indonesian,2102
INDOAY2102,Indonesian,2102
INTERX2102,International Relations,2102
INTERY2102,International Relations,2102
ITALIX2102,Italian,2102
JAPNAX2102,Japanese,2102
JAPNAY2102,Japanese,2102
KORNAX2102,Korean,2102
KORNAY2102,Korean,2102
LATINZ2102,Latin American Studies,2102
LINGUX2102,Linguistics,2102
LINGUY2102,Linguistics,2102
MATHEX2102,Mathematics,2102
MATHEY2102,Mathematics,2102
MDIGCX2102,Media and Digital Cultures,2102
MUSICY2102,Music,2102
MUSICX2102,Music,2102
MUPSYZ2102,Music Psychology,2102
PEACEX2102,Peace and Conflict Studies,2102
PEACEY2102,Peace and Conflict Studies,2102
PHILOX2102,Philosophy,2102
PHILOY2102,Philosophy,2102
POLISX2102,Political Science,2102
POLISY2102,Political Science,2102
POPMTX2102,Popular Music and Technology,2102
PSYCHX2102,Psychology,2102
PSYCHY2102,Psychology,2102
PUBPLX2102,Public Policy,2102
RUSSIX2102,Russian,2102
SOCIOX2102,Sociology,2102
SOCIOY2102,Sociology,2102
SPANAX2102,Spanish,2102
SPANAY2102,Spanish,2102
SPORTX2102,Sports Studies,2102
SPORTY2102,Sports Studies,2102
STUACZ2102,Studies in Australian Culture,2102
RELIGY2102,Studies in Religion,2102
RELIGX2102,Studies in Religion,2102
WRITIX2102,Writing,2102
WRITIY2102,Writing,2102
CHINEX1602,Chinese,1602
CHITIX1602,Chinese Translation and Interpreting,1602
CLANGX1602,Classical Languages,1602
FRENCX1602,French,1602
GERMNX1602,German,1602
INDONX1602,Indonesian,1602
JAPANX1602,Japanese,1602
KOREAX1602,Korean,1602
RUSSIX1602,Russian,1602
SPANIX1602,Spanish,1602
APPMAX2393,Applied Mathematics,2393
DAOPRX2393,Data Analytics and Operations Research,2393
MATPHX2393,Mathematical Physics,2393
PURMAX2393,Pure Mathematics,2393
STATSX2393,Statistics,2393
COMPOX2355,Composition,2355
MUSLNX2355,Music Learning,2355
MUSICX2355,Musicology,2355
PERFEX2355,Performance,2355
POPTCX2355,Popular Music and Technology,2355
ABORIX2397,Aboriginal and Torres Strait Islander Studies,2397
ANCIEY2397,Ancient History,2397
ANCIEX2397,Ancient History,2397
ANCHHX2397,Ancient History/History,2397
ANTHRX2397,Anthropology,2397
ANTHRY2397,Anthropology,2397
APPMAX2397,Applied Mathematics,2397
ARCHAX2397,Archaeology,2397
ARCHAY2397,Archaeology,2397
ARTHIX2397,Art History,2397
ARTHIY2397,Art History,2397
CHINAX2397,Chinese,2397
CHINAY2397,Chinese,2397
CHITIX2397,Chinese Translation and Interpreting,2397
CHITIY2397,Chinese Translation and Interpreting,2397
CLLAAX2397,Classical Languages,2397
CRIMIX2397,Criminology,2397
CRIMIY2397,Criminology,2397
DAOPRX2397,Data Analytics and Operations Research,2397
DRAMAX2397,Drama,2397
DRAMAY2397,Drama,2397
ECONOX2397,Economics,2397
ECONOY2397,Economics,2397
ENGLIX2397,English,2397
ENGLIY2397,English,2397
ENLITX2397,English Literature,2397
ENLITY2397,English Literature,2397
FILMTX2397,Film and Television Studies,2397
FRENCX2397,French,2397
FRENCY2397,French,2397
GENDRZ2397,Gender Studies,2397
GEOGRX2397,Geography,2397
GEOGRY2397,Geography,2397
GERMAX2397,German,2397
GERMAY2397,German,2397
HISTOX2397,History,2397
HISTOY2397,History,2397
INDOAX2397,Indonesian,2397
INDOAY2397,Indonesian,2397
INDUSX2397,International Relations,2397
INDUSY2397,International Relations,2397
ITALIX2397,Italian,2397
JAPNAX2397,Japanese,2397
JAPNAY2397,Japanese,2397
JOURMX2397,Journalism and Mass Communication,2397
KOREAX2397,Korean,2397
KOREAY2397,Korean,2397
LATINZ2397,Latin American Studies,2397
LINGUX2397,Linguistics,2397
LINGUY2397,Linguistics,2397
MATPHX2397,Mathematical Physics,2397
MDIGCX2397,Media and Digital Cultures,2397
MUSICY2397,Music,2397
MUSICX2397,Music,2397
MUPSYZ2397,Music Psychology,2397
PEACEX2397,Peace and Conflict Studies,2397
PEACEY2397,Peace and Conflict Studies,2397
PHILOX2397,Philosophy,2397
PHILOY2397,Philosophy,2397
POLISX2397,Political Science,2397
POLISY2397,Political Science,2397
POPMTX2397,Popular Music and Technology,2397
PROWRX2397,Professional Writing and Communication,2397
PSYCHX2397,Psychology,2397
PSYCHY2397,Psychology,2397
PUBLIX2397,Public Policy,2397
PURMAX2397,Pure Mathematics,2397
RUSSIX2397,Russian,2397
SOCIOX2397,Sociology,2397
SOCIOY2397,Sociology,2397
SPANIX2397,Spanish,2397
SPORTX2397,Sports Studies,2397
SPORTY2397,Sports Studies,2397
STATSX2397,Statistics,2397
STUACZ2397,Studies in Australian Culture,2397
STRELY2397,Studies in Religion,2397
WRITIX2397,Writing,2397
WRITIY2397,Writing,2397
ADVERX2410,Advertising,2410
BUSECX2410,Business Economics,2410
BISYSX2410,Business Information Systems,2410
HMRESX2410,Human Resources,2410
INTERX2410,International Business,2410
MARKEX2410,Marketing,2410
REALEX2410,Real Estate and Development,2410
ACCNTX2396,Accounting,2396
APPMAX2396,Applied Mathematics,2396
BUSINX2396,Business Information Systems,2396
DAOPRX2396,Data Analytics and Operations Research,2396
FINANX2396,Finance,2396
MATPHX2396,Mathematical Physics,2396
PURMAX2396,Pure Mathematics,2396
STATSX2396,Statistics,2396
APPMAX2429,Applied Mathematics,2429
CYBERX2429,Cyber Security,2429
DAOPRX2429,Data Analytics and Operations Research,2429
DATASX2429,Data Science,2429
MACHDX2429,Machine Learning,2429
MATPHX2429,Mathematical Physics,2429
PROLAX2429,Programming Languages,2429
PURMAX2429,Pure Mathematics,2429
SCCOMX2429,Scientific Computing,2429
STATSX2429,Statistics,2429
APPMAX2395,Applied Mathematics,2395
BUSINX2395,Business and Industry,2395
DAOPRX2395,Data Analytics and Operations Research,2395
ECONOX2395,Economics and Public Policy,2395
INTERX2395,International Trade and Finance,2395
MATPHX2395,Mathematical Physics,2395
NATRSX2395,Natural Resources and Environment,2395
PURMAX2395,Pure Mathematics,2395
QUMETX2395,Quantitative Methods,2395
STATSX2395,Statistics,2395
APPMAX2398,Applied Mathematics,2398
DAOPRX2398,Data Analytics and Operations Research,2398
MATPHX2398,Mathematical Physics,2398
PURMAX2398,Pure Mathematics,2398
STATSX2398,Statistics,2398
APPMAX2403,Applied Mathematics,2403
CSNWKX2403,Computer Systems and Networks,2403
DAOPRX2403,Data Analytics and Operation Research,2403
MATPHX2403,Mathematical Physics,2403
PURMAX2403,Pure Mathematics,2403
SWDESX2403,Software Design,2403
SISYSX2403,Software Information Systems,2403
STATSX2403,Statistics,2403
UEDESX2403,User Experience Design,2403
VETBSX2394,Animal and Veterinary Bioscience,2394
APPMAX2394,Applied Mathematics,2394
ARCHSX2394,Archaeological Science,2394
ARCHSY2394,Archaeological Science,2394
BIOCHX2394,Biochemistry and Molecular Biology,2394
BIOINX2394,Bioinformatics,2394
BIOMSY2394,Biomedical Science,2394
BIOMEX2394,Biomedical Science,2394
BIOPHW2394,Biophysics,2394
CHMSCW2394,Chemical Sciences,2394
CHEMYX2394,Chemistry,2394
COBMOW2394,Computational Sc and Biochem & Molecular Biol,2394
COBIOW2394,Computational Science and Biomedical Science,2394
CSCHEW2394,Computational Science and Chemistry,2394
CSCOMW2394,Computational Science and Computer Science,2394
CSECOW2394,Computational Science and Ecology,2394
CSGENW2394,Computational Science and Genetics,2394
CSGEOW2394,Computational Science and Geographical Sciences,2394
CSGELW2394,Computational Science and Geological Sciences,2394
COMARW2394,Computational Science and Marine Science,2394
CSMATW2394,Computational Science and Mathematics,2394
CSMICW2394,Computational Science and Microbiology,2394
CSPHYW2394,Computational Science and Physics,2394
CSPLSW2394,Computational Science and Plant Science,2394
CSPSYW2394,Computational Science and Psychology,2394
CSSTAW2394,Computational Science and Statistics,2394
CSZOOW2394,Computational Science and Zoology,2394
COMSCX2394,Computer Science,2394
COMSCY2394,Computer Science,2394
DAOPRX2394,Data Analytics and Operations Research,2394
ECOLOX2394,Ecology,2394
FOODSW2394,Food Science and Nutrition,2394
FOODTY2394,Food Science and Technology,2394
FOODTX2394,Food Science and Technology,2394
GENETX2394,Genetics,2394
GEOGSX2394,Geographical Sciences,2394
GEOLSX2394,Geological Sciences,2394
GEOLSY2394,Geological Sciences,2394
MARBIY2394,Marine Biology,2394
MARSCX2394,Marine Science,2394
MATPHX2394,Mathematical Physics,2394
MICROX2394,Microbiology,2394
PHYSIY2394,Physics,2394
PHYSIX2394,Physics,2394
PLANTX2394,Plant Science,2394
PSYCHY2394,Psychology,2394
PSYCHX2394,Psychology,2394
PUBHLX2394,Public Health,2394
PURMAX2394,Pure Mathematics,2394
STATCX2394,Statistics,2394
STATSX2394,Statistics,2394
ZOOLOX2394,Zoology,2394
ABORIX2405,Aboriginal and Torres Strait Islander Studies,2405
ANCIEY2405,Ancient History,2405
ANCIEX2405,Ancient History,2405
ANCHHX2405,Ancient History/History,2405
ANTHRX2405,Anthropology,2405
ANTHRY2405,Anthropology,2405
ARCHAX2405,Archaeology,2405
ARCHAY2405,Archaeology,2405
ARTHIX2405,Art History,2405
ARTHIY2405,Art History,2405
CHINAX2405,Chinese Stream A,2405
CHINAY2405,Chinese Stream A,2405
CHITIX2405,Chinese Translation and Interpreting,2405
CHITIY2405,Chinese Translation and Interpreting,2405
CLLATX2405,Classical Languages,2405
CLLATY2405,Classical Languages,2405
COMPOX2405,Composition,2405
CRIMIX2405,Criminology,2405
CRIMIY2405,Criminology,2405
DRAMAX2405,Drama,2405
DRAMAY2405,Drama,2405
ECONOX2405,Economics,2405
ECONOY2405,Economics,2405
ENGLIX2405,English,2405
ENGLIY2405,English,2405
ENLITX2405,English Literature,2405
ENLITY2405,English Literature,2405
FILMTX2405,Film and Television Studies,2405
FRENAX2405,French,2405
FRENAY2405,French,2405
GENDRZ2405,Gender Studies,2405
GEOPHX2405,Geography,2405
GEOPHY2405,Geography,2405
GERMAX2405,German,2405
GERMAY2405,German,2405
HISTOX2405,History,2405
HISTOY2405,History,2405
INDOAX2405,Indonesian,2405
INDOAY2405,Indonesian,2405
INTERX2405,International Relations,2405
INTERY2405,International Relations,2405
ITALIX2405,Italian,2405
JAPNAX2405,Japanese,2405
JAPNAY2405,Japanese,2405
JOURNX2405,Journalism and Mass Communication,2405
KORNAX2405,Korean,2405
KORNAZ2405,Korean,2405
LATINZ2405,Latin American Studies,2405
LINGUX2405,Linguistics,2405
LINGUY2405,Linguistics,2405
MATHEX2405,Mathematics,2405
MATHEY2405,Mathematics,2405
MDIGCX2405,Media and Digital Cultures,2405
MUSLNX2405,Music Learning,2405
MUSPEX2405,Music Performance,2405
MUSICX2405,Musicology,2405
PEACEX2405,Peace and Conflict Studies,2405
PEACEY2405,Peace and Conflict Studies,2405
PHILOX2405,Philosophy,2405
PHILOY2405,Philosophy,2405
POLISX2405,Political Science,2405
POLISY2405,Political Science,2405
POPMTX2405,Popular Music and Technology,2405
POPTCX2405,Popular Music and Technology,2405
PROWRX2405,Professional Writing and Communication,2405
PSYCHX2405,Psychology,2405
PSYCHY2405,Psychology,2405
PUBLIX2405,Public Policy,2405
RUSSIX2405,Russian,2405
SOCIOX2405,Sociology,2405
SOCIOY2405,Sociology,2405
SPANAY2405,Spanish,2405
SPANAX2405,Spanish,2405
SPORTX2405,Sports Studies,2405
SPORTY2405,Sports Studies,2405
STUACZ2405,Studies in Australian Culture,2405
RELIGY2405,Studies in Religion,2405
RELIGX2405,Studies in Religion,2405
WRITIX2405,Writing,2405
WRITIY2405,Writing,2405
MUSLNX2357,Music Learning,2357
ARCHSX2406,Archaeological Science,2406
ARCHSY2406,Archaeological Science,2406
BIMOLX2406,Biochemistry and Molecular Biology,2406
BIOINX2406,Bioinformatics,2406
BIOMEX2406,Biomedical Science,2406
BIOMEY2406,Biomedical Science,2406
BIOPHW2406,Biophysics,2406
CHEMIW2406,Chemical Science,2406
CHEMIX2406,Chemistry,2406
COMPOX2406,Composition,2406
COBMOW2406,Computational Sc and Biochem & Molecular Biol,2406
COMBSW2406,Computational Science and Biomedical Science,2406
COMCHW2406,Computational Science and Chemistry,2406
COMCOW2406,Computational Science and Computer Science,2406
COMECW2406,Computational Science and Ecology,2406
COMGEW2406,Computational Science and Genetics,2406
CSGEOW2406,Computational Science and Geographical Sciences,2406
CSGELW2406,Computational Science and Geological Science,2406
CSMARW2406,Computational Science and Marine Science,2406
CSMATW2406,Computational Science and Mathematics,2406
CSMICW2406,Computational Science and Microbiology,2406
CSPHYW2406,Computational Science and Physics,2406
CSPLAW2406,Computational Science and Plant Science,2406
CSPSYW2406,Computational Science and Psychology,2406
CSSTAW2406,Computational Science and Statistics,2406
CSZOOW2406,Computational Science and Zoology,2406
COMBMW2406,"Computational Science, Biochemistry and Molecular",2406
COMPUX2406,Computer Science,2406
COMPUY2406,Computer Science,2406
ECOLOX2406,Ecology,2406
FOODSW2406,Food Science and Nutrition,2406
FOODTX2406,Food Science and Technology,2406
FOODTY2406,Food Science and Technology,2406
GENETX2406,Genetics,2406
GEOGRX2406,Geographical Sciences,2406
GEOLSX2406,Geological Sciences,2406
GEOLSY2406,Geological Sciences,2406
MARBIY2406,Marine Biology,2406
MARSCX2406,Marine Science,2406
MATHEX2406,Mathematics,2406
MATHEY2406,Mathematics,2406
MICROX2406,Microbiology,2406
MUSLNX2406,Music Learning,2406
MUSPEX2406,Music Performance,2406
MUSICX2406,Musicology,2406
PHYSCX2406,Physics,2406
PHYSCY2406,Physics,2406
PLANTX2406,Plant Science,2406
POPTCX2406,Popular Music and Technology,2406
PSYCHX2406,Psychology,2406
PSYCHY2406,Psychology,2406
PUBHLX2406,Public Health,2406
STATSX2406,Statistics,2406
ZOOLOX2406,Zoology,2406
CLEXTX2373,Clinical and Experimental Therapeutics,2373
ECONOX2412,Economics,2412
PHILOX2412,Philosophy,2412
POLITX2412,Politics,2412
VETBSX2330,Animal and Veterinary Bioscience,2330
VETBSY2330,Animal and Veterinary Bioscience,2330
VETBSX2354,Animal and Veterinary Bioscience,2354
PLANTX2354,Plant Science,2354
ANATOX2031,Anatomy,2031
ARCHSX2031,Archaeological Science,2031
BIOCHX2031,Biochemistry,2031
BIOINX2031,Bioinformatics,2031
BIOLOX2031,Biological Chemistry,2031
BIOMEX2031,Biomedical Science,2031
BIOPHX2031,Biophysics,2031
CHEMIX2031,Chemistry,2031
COMPBX2031,Computational Biology,2031
COMPUX2031,Computer Science,2031
DEVELX2031,Developmental Biology,2031
DRUGDX2031,Drug Design and Development,2031
ECOLOX2031,Ecology,2031
ENTOMX2031,Entomology,2031
EVOLUX2031,Evolutionary Biology,2031
EXPLOX2031,Exploration Geophysics,2031
FOODNX2031,Food Science and Nutrition,2031
FOODTX2031,Food Science and Technology,2031
GENETX2031,Genetics,2031
GENOMX2031,Genomics,2031
GEOGRX2031,Geographical Sciences,2031
GEOLOX2031,Geology,2031
IMUNOX2031,Immunology,2031
MARBIX2031,Marine Biology,2031
MATHEX2031,Mathematics,2031
MICROX2031,Microbiology,2031
MOLECX2031,Molecular Cell Biology,2031
NANOHX2031,Nanotechnology,2031
NEUROX2031,Neuroscience,2031
PARASX2031,Parasitology,2031
PHARMX2031,Pharmacology,2031
PHYSIX2031,Physics,2031
PHYSLX2031,Physiology,2031
PLANTX2031,Plant Science,2031
PSYCHX2031,Psychology,2031
PUBHLX2031,Public Health,2031
STATIX2031,Statistics,2031
WILDLX2031,Wildlife Biology,2031
ZOOLOX2031,Zoology,2031
ARCHSX2030,Archaeological Science,2030
ARCHSY2030,Archaeological Science,2030
BIMOLX2030,Biochemistry and Molecular Biology,2030
BIOINX2030,Bioinformatics,2030
BIOMSX2030,Biomedical Science,2030
BIOMSY2030,Biomedical Science,2030
BIPHYW2030,Biophysics,2030
CHMSCW2030,Chemical Sciences,2030
CHMSTX2030,Chemistry,2030
COBMOW2030,Computational Sc and Biochem & Molecular Biol,2030
COBIOW2030,Computational Science and Biomedical Science,2030
COCHEW2030,Computational Science and Chemistry,2030
COCOMW2030,Computational Science and Computer Science,2030
COECOW2030,Computational Science and Ecology,2030
COGENW2030,Computational Science and Genetics,2030
COGESW2030,Computational Science and Geographical Sciences,2030
COGEOW2030,Computational Science and Geological Sciences,2030
COMARW2030,Computational Science and Marine Science,2030
COMATW2030,Computational Science and Mathematics,2030
COMICW2030,Computational Science and Microbiology,2030
COPHYW2030,Computational Science and Physics,2030
COPLAW2030,Computational Science and Plant Science,2030
COPSYW2030,Computational Science and Psychology,2030
COSTAW2030,Computational Science and Statistics,2030
COZOOW2030,Computational Science and Zoology,2030
COSCIY2030,Computer Science,2030
COSCIX2030,Computer Science,2030
ECOLGX2030,Ecology,2030
FOODSW2030,Food Science and Nutrition,2030
FOODTX2030,Food Science and Technology,2030
FOODTY2030,Food Science and Technology,2030
GENTCX2030,Genetics,2030
GEOSCX2030,Geographical Sciences,2030
GEOLSX2030,Geological Sciences,2030
GEOLSY2030,Geological Sciences,2030
MARBIY2030,Marine Biology,2030
MARSCX2030,Marine Science,2030
MATHSX2030,Mathematics,2030
MATHSY2030,Mathematics,2030
MICRBX2030,Microbiology,2030
PHYSCX2030,Physics,2030
PHYSCY2030,Physics,2030
PLANTX2030,Plant Science,2030
PSYCOX2030,Psychology,2030
PSYCOY2030,Psychology,2030
PUBHLX2030,Public Health,2030
STATCX2030,Statistics,2030
ZOOLGX2030,Zoology,2030
DEVELX2032,Development,2032
ENVSOX2032,Environment and Society,2032
HLTSOX2032,Health and Society,2032
SOCPPX2032,Social and Public Policy,2032
CRIMJX2033,Criminal Justice,2033
DEVELX2033,Development,2033
HLTSOX2033,Health and Society,2033
SOCPPX2033,Social and Public Policy,2033
CYFAMZ2382,"Child, Youth and Family",2382
HLAGEZ2382,Health and Ageing,2382
MTLHLZ2382,Mental Health,2382
AGRONX2386,Agronomy,2386
HORTIX2386,Horticulture,2386
LVPLTX2386,Livestock and Poultry Science,2386
AGRONX2418,Agronomy,2418
HORTIX2418,Horticulture,2418
LVPLTX2418,Livestock and Poultry Science,2418
ARCHSX2321,Archaeological Science,2321
BIOLOX2321,Biology,2321
CHEMIX2321,Chemistry,2321
COMPUX2321,Computer Science,2321
FOODSX2321,Food Science and Nutrition,2321
GEOGRX2321,Geographical Sciences,2321
GEOLSX2321,Geological Sciences,2321
MARSCX2321,Marine Science,2321
MATHEX2321,Mathematics,2321
OCHLSX2321,Occupational Health and Safety Science,2321
PHYSCX2321,Physics,2321
PSYCHX2321,Psychology,2321
PUBHLX2321,Public Health,2321
ABORIX2109,Aboriginal and Torres Strait Islander Studies,2109
ANCIEX2109,Ancient History,2109
ANCIEY2109,Ancient History,2109
ANCHHX2109,Ancient History/History,2109
ANTHRX2109,Anthropology,2109
ANTHRY2109,Anthropology,2109
ARCHSY2109,Archaeological Science,2109
ARCHSX2109,Archaeological Science,2109
ARCHAY2109,Archaeology,2109
ARCHAX2109,Archaeology,2109
ARTHIX2109,Art History,2109
ARTHIY2109,Art History,2109
BIMOLX2109,Biochemistry and Molecular Biology,2109
BIOINX2109,Bioinformatics,2109
BIOMSX2109,Biomedical Science,2109
BIOMSY2109,Biomedical Science,2109
BIPHYW2109,Biophysics,2109
CHMSCW2109,Chemical Sciences,2109
CHMSTX2109,Chemistry,2109
CHINAX2109,Chinese,2109
CHINAY2109,Chinese,2109
CHITIY2109,Chinese Translation and Interpreting,2109
CHITIX2109,Chinese Translation and Interpreting,2109
CLLATX2109,Classical Languages,2109
CLLATY2109,Classical Languages,2109
COBMOW2109,Computational Sc and Biochem & Molecular Biol,2109
COBIOW2109,Computational Science and Biomedical Science,2109
COCHEW2109,Computational Science and Chemistry,2109
COCOMW2109,Computational Science and Computer Science,2109
COECOW2109,Computational Science and Ecology,2109
COGENW2109,Computational Science and Genetics,2109
COGESW2109,Computational Science and Geographical Sciences,2109
COGEOW2109,Computational Science and Geological Sciences,2109
COMARW2109,Computational Science and Marine Science,2109
COMATW2109,Computational Science and Mathematics,2109
COMICW2109,Computational Science and Microbiology,2109
COPHYW2109,Computational Science and Physics,2109
COPLAW2109,Computational Science and Plant Science,2109
COPSYW2109,Computational Science and Psychology,2109
COSTAW2109,Computational Science and Statistics,2109
COZOOW2109,Computational Science and Zoology,2109
COSCIY2109,Computer Science,2109
COSCIX2109,Computer Science,2109
CRIMIX2109,Criminology,2109
CRIMIY2109,Criminology,2109
DRAMAX2109,Drama,2109
DRAMAY2109,Drama,2109
ECOLGX2109,Ecology,2109
ECONOX2109,Economics,2109
ECONOY2109,Economics,2109
ENGLIX2109,English,2109
ENGLIY2109,English,2109
ENLITX2109,English Literature,2109
ENLITY2109,English Literature,2109
FILMTX2109,Film and Television Studies,2109
FOODSW2109,Food Science and Nutrition,2109
FOODTX2109,Food Science and Technology,2109
FOODTY2109,Food Science and Technology,2109
FRENAX2109,French,2109
FRENAY2109,French,2109
GENDRZ2109,Gender Studies,2109
GENTCX2109,Genetics,2109
GEOSCX2109,Geographical Sciences,2109
GEOPHY2109,Geography,2109
GEOPHX2109,Geography,2109
GEOLSX2109,Geological Sciences,2109
GEOLSY2109,Geological Sciences,2109
GERMAX2109,German,2109
GERMAY2109,German,2109
HISTOX2109,History,2109
HISTOY2109,History,2109
INDOAX2109,Indonesian,2109
INDOAY2109,Indonesian,2109
INTERX2109,International Relations,2109
INTERY2109,International Relations,2109
ITALIX2109,Italian,2109
JAPNAX2109,Japanese,2109
JAPNAY2109,Japanese,2109
JOURMX2109,Journalism and Mass Communication,2109
KORNAX2109,Korean,2109
KORNAY2109,Korean,2109
LATINZ2109,Latin American Studies,2109
LINGUX2109,Linguistics,2109
LINGUY2109,Linguistics,2109
MARBIY2109,Marine Biology,2109
MARSCX2109,Marine Science,2109
MATHEX2109,Mathematics,2109
MATHEY2109,Mathematics,2109
MATHSX2109,Mathematics,2109
MATHSY2109,Mathematics,2109
MDIGCX2109,Media and Digital Cultures,2109
MICRBX2109,Microbiology,2109
MUSICX2109,Music,2109
MUSICY2109,Music,2109
MUPSYZ2109,Music Psychology,2109
PEACEX2109,Peace and Conflict Studies,2109
PEACEY2109,Peace and Conflict Studies,2109
PHILOX2109,Philosophy,2109
PHILOY2109,Philosophy,2109
PHYSCX2109,Physics,2109
PHYSCY2109,Physics,2109
PLANTX2109,Plant Science,2109
POLISX2109,Political Science,2109
POLISY2109,Political Science,2109
POPMTX2109,Popular Music and Technology,2109
PROWRX2109,Professional Writing and Communication,2109
PSYCHX2109,Psychology,2109
PSYCHY2109,Psychology,2109
PSYCOX2109,Psychology,2109
PSYCOY2109,Psychology,2109
PUBHLX2109,Public Health,2109
PUBPLX2109,Public Policy,2109
RUSSIX2109,Russian,2109
SOCIOX2109,Sociology,2109
SOCIOY2109,Sociology,2109
SPANAY2109,Spanish,2109
SPANAX2109,Spanish,2109
SPORTY2109,Sports Studies,2109
SPORTX2109,Sports Studies,2109
STATCX2109,Statistics,2109
STUACZ2109,Studies in Australian Culture,2109
RELIGY2109,Studies in Religion,2109
RELIGX2109,Studies in Religion,2109
WRITIX2109,Writing,2109
WRITIY2109,Writing,2109
ZOOLGX2109,Zoology,2109
ARCHSX2110,Archaeological Science,2110
BIMOLX2110,Biochemistry and Molecular Biology,2110
BIOMSX2110,Biomedical Science,2110
CHMSTX2110,Chemistry,2110
COSCIX2110,Computer Science,2110
ECOLGX2110,Ecology,2110
GENTCX2110,Genetics,2110
GEOSCX2110,Geographical Sciences,2110
MARSCX2110,Marine Science,2110
MATHSX2110,Mathematics,2110
MICRBX2110,Microbiology,2110
PHYSCX2110,Physics,2110
PLANTX2110,Plant Science,2110
ZOOLGX2110,Zoology,2110
ARCHSX2233,Archaeological Science,2233
ARCHSY2233,Archaeological Science,2233
BIMOLX2233,Biochemistry and Molecular Biology,2233
BIOINX2233,Bioinformatics,2233
BIOMSX2233,Biomedical Science,2233
BIOMSY2233,Biomedical Science,2233
BIPHYW2233,Biophysics,2233
CHMSCW2233,Chemical Sciences,2233
CHMSTX2233,Chemistry,2233
COBMOW2233,Computational Sc and Biochem & Molecular Biol,2233
COBIOW2233,Computational Science and Biomedical Science,2233
COCHEW2233,Computational Science and Chemistry,2233
COCOMW2233,Computational Science and Computer Science,2233
COECOW2233,Computational Science and Ecology,2233
COGENW2233,Computational Science and Genetics,2233
COGESW2233,Computational Science and Geographical Sciences,2233
COGEOW2233,Computational Science and Geological Sciences,2233
COMARW2233,Computational Science and Marine Science,2233
COMATW2233,Computational Science and Mathematics,2233
COMICW2233,Computational Science and Microbiology,2233
COPHYW2233,Computational Science and Physics,2233
COPLAW2233,Computational Science and Plant Science,2233
COPSYW2233,Computational Science and Psychology,2233
COSTAW2233,Computational Science and Statistics,2233
COZOOW2233,Computational Science and Zoology,2233
COSCIY2233,Computer Science,2233
COSCIX2233,Computer Science,2233
ECOLGX2233,Ecology,2233
FOODSW2233,Food Science and Nutrition,2233
FOODTX2233,Food Science and Technology,2233
FOODTY2233,Food Science and Technology,2233
GENTCX2233,Genetics,2233
GEOSCX2233,Geographical Sciences,2233
GEOLSX2233,Geological Sciences,2233
GEOLSY2233,Geological Sciences,2233
MARBIY2233,Marine Biology,2233
MARSCX2233,Marine Science,2233
MATHSX2233,Mathematics,2233
MATHSY2233,Mathematics,2233
MICRBX2233,Microbiology,2233
PHYSCX2233,Physics,2233
PHYSCY2233,Physics,2233
PLANTX2233,Plant Science,2233
PSYCOX2233,Psychology,2233
PSYCOY2233,Psychology,2233
PUBHLX2233,Public Health,2233
STATCX2233,Statistics,2233
ZOOLGX2233,Zoology,2233
ARCHSX2366,Archaeological Science,2366
ARCHSY2366,Archaeological Science,2366
BIMOLX2366,Biochemistry and Molecular Biology,2366
BIOINX2366,Bioinformatics,2366
BIOMSX2366,Biomedical Science,2366
BIOMSY2366,Biomedical Science,2366
BIPHYW2366,Biophysics,2366
CHMSCW2366,Chemical Sciences,2366
CHMSTX2366,Chemistry,2366
COBMOW2366,Computational Sc and Biochem & Molecular Biol,2366
COBIOW2366,Computational Science and Biomedical Science,2366
COCHEW2366,Computational Science and Chemistry,2366
COCOMW2366,Computational Science and Computer Science,2366
COECOW2366,Computational Science and Ecology,2366
COGENW2366,Computational Science and Genetics,2366
COGESW2366,Computational Science and Geographical Sciences,2366
COGEOW2366,Computational Science and Geological Sciences,2366
COMARW2366,Computational Science and Marine Science,2366
COMATW2366,Computational Science and Mathematics,2366
COMICW2366,Computational Science and Microbiology,2366
COPHYW2366,Computational Science and Physics,2366
COPLAW2366,Computational Science and Plant Science,2366
COPSYW2366,Computational Science and Psychology,2366
COSTAW2366,Computational Science and Statistics,2366
COZOOW2366,Computational Science and Zoology,2366
COSCIY2366,Computer Science,2366
COSCIX2366,Computer Science,2366
ECOLGX2366,Ecology,2366
FOODSW2366,Food Science and Nutrition,2366
FOODTX2366,Food Science and Technology,2366
FOODTY2366,Food Science and Technology,2366
GENTCX2366,Genetics,2366
GEOSCX2366,Geographical Sciences,2366
GEOLSX2366,Geological Sciences,2366
GEOLSY2366,Geological Sciences,2366
MARBIY2366,Marine Biology,2366
MARSCX2366,Marine Science,2366
MATHSX2366,Mathematics,2366
MATHSY2366,Mathematics,2366
MICRBX2366,Microbiology,2366
PHYSCX2366,Physics,2366
PHYSCY2366,Physics,2366
PLANTX2366,Plant Science,2366
PSYCOX2366,Psychology,2366
PSYCOY2366,Psychology,2366
PUBHLX2366,Public Health,2366
STATCX2366,Statistics,2366
ZOOLGX2366,Zoology,2366
